,Nationalcode,Name,Malekiat_Dolat_Dar_Sherkat
0,10380244072,توريستي ورفاهي آبادگران ايران,0.0
1,10460039587,سيم و كابل ابهر,0.0
2,10100621228,لابراتوارداروسازي‌ دكترعبيدي‌,0.0
3,10102405220,سيمان آبيك,0.0
4,10260200698,كشت و صنعت آبشيرين,0.0
5,10102500883,سرمايه گذاري ارزش آفرينان,0.0
6,10101786601,افرانت,0.0
7,10100747077,گروه صنعتي و معدني امير,0.0
8,10100443908,سرمايه‌ گذاري‌ البرز(هلدينگ‌,0.0
9,10780060750,آلومينيوم‌ايران‌,0.0
10,10860294339,آلوميناي ايران,0.0
11,10100711365,آلومراد,0.0
12,10100453064,آلومتك‌,0.0
13,10100982040,كاشي‌ الوند,0.0
14,10260063258,داروسازي‌ امين‌,0.0
15,10100974130,معدني‌ املاح‌ ايران‌,0.0
16,10102836862,سرمايه گذاري آوا نوين,0.0
17,14004054717,عطرين نخ قم,0.0
18,10102320058,آتيه داده پرداز,0.0
19,10320053498,پليمر آريا ساسول,0.0
20,10460114292,آسان پرداخت پرشين,0.0
21,10100430706,پتروشيمي آبادان,0.0
22,10102670668,كشتيراني آريا,0.0
23,10840024608,سراميك‌هاي‌صنعتي‌اردكان‌,0.0
24,10260415423,سيمان اردستان,0.0
25,10102830088,شركت آهن و فولاد ارفع,0.0
26,10320718237,بيمه آرمان,0.0
27,10320504669,شركت توسعه اقتصادي آرين,0.0
28,10101875807,سرمايه گذاري ارس صبا,0.0
29,10101089200,مجتمع صنعتي آرتاويل تاير,0.0
30,10100276443,آبسال‌,0.0
31,10102576935,آسيا سير ارس,0.0
32,10100314757,بيمه آسيا,0.0
33,10380252343,اعتباري ملل,0.0
34,10100518071,آ.س.پ,0.0
35,10102583274,انتقال داده هاي آسياتك,0.0
36,14003873330,س. امين توان آفرين ساز,0.0
37,10102277635,سرمايه‌ گذاري‌ آتيه‌ دماوند,0.0
38,10860114150,آهنگري‌ تراكتورسازي‌ ايران‌,0.0
39,10100441828,كارخانجات صنعتي وتوليدي اتمسفر,0.0
40,10102713090,توسعه س. كشاورزي آرين توسكا,0.0
41,10102200204,داروسازي آوه سينا,0.0
42,10100271449,سرمايه گذاري پرديس,0.0
43,10320894878,بانك آينده,0.0
44,10780042000,صنايع‌ آذرآب‌,0.0
45,10101336846,سايپاآذين‌,0.0
46,10100307035,كارخانه هاي صنعتي آزمايش,0.0
47,10200053946,آذريت‌,0.0
48,10840008904,معادن‌ بافق‌,0.0
49,10100941473,مس‌ شهيدباهنر,0.0
50,10380089944,كشاورزي و دامپروري بينالود,0.0
51,10100314776,بيمه البرز,0.0635
52,10100957800,سرمايه‌گذاري‌بوعلي‌,0.0
53,10260293195,باما,0.0
54,10101339590,سرمايه گذاري گروه توسعه ملي,0.0
55,10320255230,بانك انصار,0.0
56,10100977983,گروه‌ صنعتي‌ بارز,0.0
57,10100641966,بيمه دانا,0.124
58,10861977157,توليد نيروي برق دماوند,0.0
59,10320237706,بانك دي,0.0
60,10200054270,بنيان ديزل,0.0
61,10260334351,توليدي گرانيت بهسرام,0.0
62,10100902174,شيميايي بهداش,0.0
63,10102498053,بهساز كاشانه تهران,0.0
64,10320798438,نهادهاي مالي بورس انرژي,0.0
65,10100427917,بهنوش‌ ايران‌,0.0
66,10860730192,فجر انرژي خليج فارس,0.0
67,10200093112,شهرسازي و خانه سازي باغميشه,0.0
68,10102828209,بازرگاني آينده سازان بهشت پارس,0.0
69,10100451588,بانك حكمت ايرانيان,0.0
70,10102377650,شركت بهمن ليزينگ,0.0
71,10100231402,گروه‌بهمن‌,0.0
72,10100503545,صنعتي بهپاك,0.0
73,10101654220,سرمايه‌ گذاري‌ صنعت‌ بيمه‌,0.0
74,10103270201,بيمه پاسارگاد,0.0
75,10100382645,بسته‌ بندي‌ ايران‌,0.0
76,10320826196,بانك خاورميانه,0.0
77,10103387520,كارگزاران بورس كالاي ايران,0.0
78,10320357598,بيمه كوثر,0.0
79,14009058908,بيمه زندگي باران,0.0
80,10102247441,مواد اوليه دارويي البرز بالك,0.0
81,10100193589,مهندسي ساختمان تاسيسات راه آهن,0.0
82,10102931830,توليد برق عسلويه مپنا,0.0
83,10102822596,بيمه دي,0.0
84,10102526951,بيمه ملت,0.0992
85,10102558524,بين المللي ساختمان و صنعت ملي,0.0
86,10100834967,بانك ملت,0.0334
87,10100373846,بين‌ المللي‌ محصولات‌ پارس‌,0.0
88,10100898457,دريايي و كشتيراني خط دريابندر,0.0
89,10103808680,بيمه نوين,0.0
90,10860723245,پتروشيمي بوعلي سينا,0.0
91,10103225320,بورس اوراق بهادار تهران,0.012
92,10100393826,گروه‌صنعتي‌بوتان‌,0.0
93,10102203401,بانك‌پارسيان‌,0.0
94,10102946956,بانك پاسارگاد,0.0
95,10100679553,بسته‌ بندي‌ پارس,0.0
96,10101702747,پست بانك ايران,0.0
97,10320275643,گروه دارويي بركت,0.0
98,10101972093,بانك سامان,0.0
99,10320777461,توليد نيروي جنوب غرب صبا,0.0
100,10861736062,بانك صادرات ايران,0.0
101,10103886081,بانك شهر,0.0
102,10102818130,بيمه سامان,0.0
103,10100353486,شركت قند بيستون,0.0
104,10101795696,توليدات پتروشيمي قائد بصير,0.0
105,10101855694,بين‌المللي‌توسعه‌ساختمان,0.0
106,10100834460,بانك تجارت,0.063
107,10320591652,بيمه ما,0.0
108,10101266176,صنايع چوب خزر كاسپين,0.0
109,10360031156,سيمان باقران,0.0
110,10103800056,سپرده گذاري مركزي و تسويه وجوه,0.05
111,10861450700,صنايع سرام آرا,0.0
112,10200248803,شركت سرمايه گذاري مسكن شمالغرب,0.0
113,10100509458,چرخشگر,0.0
114,10380128505,كشت‌ و صنعت‌ چين‌ چين,0.0
115,10260246993,توليدي چدن سازان,0.0
116,10101887744,معدني‌وصنعتي‌چادرملو,0.0
117,10200105825,كلر پارس,0.0
118,10340050067,فراوردههاي غذايي وقند چهارمحال,0.0
119,10102593454,سرمايه گذاري توسعه صنايع سيمان,0.0
120,10860736052,سرمايه گذاري و توسعه خوزستان,0.0
121,10860238958,سيمان ممتازان كرمان,0.0
122,10103824880,س ساختماني ب نام آوران مهندسي,0.0
123,10100514779,كمباين‌ سازي‌ ايران‌,0.0
124,14005432871,اعتباري كاسپين,0.0
125,10840118827,كربن‌ ايران‌,0.0
126,10260328063,پالايش قطران ذغالسنگ,0.0
127,10240049946,س.توسعه و عمران استان اردبيل,0.0
128,10680033968,سرمايه گذاري توسعه عمران زاگرس,0.0
129,10100402567,داروسازي‌ ابوريحان‌,0.0
130,10100978129,داده‌پردازي‌ايران‌,0.0
131,10861412626,البرزدارو,0.0
132,10740034217,داروسازي زاگرس فارمد پارس,0.0
133,10102683456,سرمايه گذاري دانايان,0.0
134,10100835286,داروپخش‌ (هلدينگ‌,0.0
135,10102073400,س. تدبيرگران فارس وخوزستان,0.0
136,14004707973,تهيه توزيع غذاي دنا آفرين فدك,0.0
137,10101725563,شيمي‌ داروئي‌ داروپخش‌,0.0
138,10260279270,داروسازي‌ فارابي‌,0.0
139,10100428084,الحاوي,0.0
140,14009060582,تامين سرمايه دماوند,0.0
141,10380293780,مرغ مادر ديزباد,0.0
142,10104062862,شركت فروشگاه زنجيره اي دياكو,0.0
143,10100339921,داروسازي‌ جابرابن‌حيان‌,0.0
144,10460003837,كشت و صنعت دشت خرم دره,0.0
145,10100634702,داروسازي‌ كوثر,0.0
146,10100482048,دارويي‌ لقمان‌,0.0
147,10320867235,دليجان طلايي شكوه پارس,0.0
148,10100456257,دشت‌ مرغاب‌,0.0
149,10100924838,معدني‌ دماوند,0.0
150,10101007595,دوده‌ صنعتي‌ پارس‌,0.0
151,10861651780,داروسازي‌ اسوه‌,0.0
152,10101823437,كارخانجات‌داروپخش‌,0.0
153,10101725582,توزيع دارو پخش,0.0
154,10860393596,داروسازي دانا,0.0
155,10100444172,درخشان‌ تهران‌,0.0
156,10860385410,دارويي‌ رازك‌,0.0
157,10102402553,سبحان دارو,0.0
158,10530184352,شيرين دارو,0.0
159,10100450900,داروسازي‌ سينا,0.0
160,10102350203,داروسازي سبحان انكولوژي,0.0
161,10100711350,گروه دارويي سبحان,0.0
162,10102901102,داروسازي توليد دارو,0.0
163,10102543204,سرمايه گذاري دارويي تامين,0.0673
164,10102328820,‌داروسازي‌زهراوي‌,0.0
165,10102571964,بهمن ديزل,0.0
166,10102107768,صنعتي انتخاب الكترونيك آرمان,0.0
167,10102793480,سرمايه گذاري افتخارسهام,0.0
168,10861105887,كنترل گاز اكباتان,0.0
169,14004932504,اعتباري نور,0.0
170,10101850423,تجارت الكترونيك پارسيان,0.0
171,10260496380,كشت و صنعت امداد سپاهان گلدشت,0.0
172,10861808525,صنايع توليدي اشتاد ايران‌,0.0
173,10100248101,فرهنگي ورزشي استقلال ايران,0.0
174,10861533126,بيمه اتكايي امين,0.0648
175,10320202522,بيمه اتكايي ايرانيان,0.0
176,10101156935,شركت سرمايه گذاري اعتلاء البرز,0.0
177,10100999659,داروسازي‌ اكسير,0.0
178,10100648962,كشت و دامداري فكا,0.0
179,10260449435,فولاد افزا سپاهان,0.0
180,10100465567,نورد و لوله اهواز,0.0
181,10861853202,كشاورزي و دامپروري فجر اصفهان,0.0
182,10840064590,فولاد آلياژي ايران,0.0
183,10260206130,فولاد اميركبيركاشان,0.0
184,10102411479,گروه فن آوا,0.0
185,10100613721,پتروشيمي فارابي,0.0
186,10861613541,صنايع فولاد آلياژي يزد,0.0
187,10380190780,صنايع ‌بسته‌بندي‌ مشهد,0.0
188,10320605628,فروسيليسيم خمين,0.0
189,10100429427,فيبر ايران‌,0.0
190,10101050209,كشتيراني والفجر,0.0
191,10861926358,فولاد خراسان,0.0
192,10101138294,فولاد خوزستان,0.0
193,10102849101,گروه صنايع معادن فلات ايرانيان,0.0
194,10861186485,فنرسازي‌زر,0.0
195,10780055634,گسترش صنايع انرژي آذرآب,0.0
196,10800154024,فولاد هرمزگان جنوب,0.0
197,10260289464,فولاد مباركه اصفهان,0.0
198,10000000001,صندوق سرمايه گذاري پروژه آرمان پرند مپنا,0.0
199,10103749172,فرابورس ايران,0.03
200,10861153704,فروسيليس‌ ايران‌,0.0
201,10100477787,مهندسي فيروزا,0.0
202,10460091758,فرآوري‌موادمعدني‌ايران‌,0.0
203,10260496984,غلتك سازان سپاهان,0.0
204,14005024571,پارس فولاد سبزوار,0.0
205,10340058917,مالي و سرمايه گذاري سينا,0.0
206,10100277750,فرآورده‌هاي‌ تزريقي‌ ايران‌,0.0
207,10101134744,فولاد توان آور آسيا,0.0
208,10860704330,فولاد كاويان,0.0
209,10260314217,كشت و دام قيام اصفهان,0.0
210,10320217477,پديده شيمي قرن,0.0
211,10100984757,قاسم ايران,0.0
212,10101701799,گازلوله‌,0.0
213,10101662543,‌گروه‌صنايع‌بهشهرايران‌,0.0
214,10861655731,گلوكوزان‌,0.0
215,10101306234,سرمايه‌گذاري‌غدير(هلدينگ‌,0.0
216,10260371718,كشت و دام گلدشت نمونه اصفهان,0.0
217,10320476535,توسعه مسير برق گيلان,0.0
218,10260170431,جنرال مكانيك,0.0
219,10100297496,قنداصفهان‌,0.0
220,10530272844,شير پاستوريزه پگاه فارس,0.0
221,10861402562,كارخانجات‌ قند قزوين‌,0.0
222,10380136950,قطعات‌ اتومبيل‌ ايران‌,0.0
223,10861092061,قندهكمتان‌,0.0
224,10101788597,توسعه سرمايه و صنعت غدير,0.0
225,10320484367,بانك قوامين,0.0
226,10100434786,شهد,0.0
227,10200219532,شير پگاه آذربايجان شرقي,0.0
228,10860293454,قند شيروان قوچان و بجنورد,0.0
229,10220007941,قند اروميه,0.0
230,10102906939,آهن و فولاد غدير ايرانيان,0.0
231,10101892894,كشت وصنعت بهاران گلبهار خراسان,0.0
232,10100515216,گروه‌ صنعتي‌ ملي‌ (هلدينگ‌,0.0
233,10100495902,قند مرودشت‌,0.0
234,10860445038,قند نيشابور,0.0
235,10861331010,صنايع گلديران,0.0
236,10860515050,معدني و صنعتي گل گهر,0.0
237,10102096548,گلپخش اول,0.0
238,10102823179,سرمايه گذاري توسعه گوهران اميد,0.0
239,14003562000,بيسكويت‌ گرجي‌,0.0
240,10101800682,گسترش‌سرمايه‌گذاري‌ايران‌خودرو,0.0
241,10200092392,داروسازي شهيد قاضي,0.0
242,10220048615,فرآورده‌هاي‌غدايي‌وقندپيرانشهر,0.0
243,10320435268,بانك گردشگري,0.0
244,10100439250,قند ثابت‌ خراسان‌,0.0
245,10102881763,واسپاري تجارت وسرمايه ايرانيان,0.0
246,10101091231,گسترش‌صنايع‌وخدمات‌كشاورزي‌,0.0
247,10260264460,گز سكه,0.0
248,10101057832,دريايي و مهندسي كشتيراني قشم,0.0
249,10380025768,فرآوردههاي غذايي وقندتربت‌جام‌,0.0
250,10260244573,گلتاش‌,0.0
251,10980296959,حمل و نقل گهرترابر سيرجان,0.0
252,10860541940,سنگ آهن گهرزمين,0.0
253,10102963232,سرمايه گذاري هامون صبا,0.6596
254,10100418567,پخش هجرت,0.0
255,10101198481,حمل و نقل بين المللي خليج فارس,0.0
256,10861529526,بيمه حافظ,0.0
257,10103824969,بين المللي س. ت. تجارت هيرمند,0.0
258,10101337205,حمل و نقل پتروشيمي( سهامي عام,0.0
259,10103560453,شركت ارتباطات سيار ايران,0.0
260,10320688781,مديريت انرژي اميد تابان هور,0.0
261,10100594509,توليدتجهيزات‌سنگين‌هپكو,0.0
262,10102912146,توسعه حمل و نقل ريلي پارسيان,0.0
263,10104008480,ريل پردازسير,0.0
264,10101920830,حفاري شمال,0.0236
265,14006513174,بيمه حكمت صبا,0.0
266,10260296086,حمل‌ونقل‌توكا,0.0
267,10102541065,داده گسترعصرنوين-هاي وب,0.0
268,14007396254,گروه توسعه هنر ايران,0.0
269,10100517070,ايران‌ارقام‌,0.0
270,10103798457,بانك سرمايه,0.0
271,10101826839,عمران و مسكن سازان ايران,0.0
272,10100528860,سرمايه گذاري اعتبار ايران,0.0
273,10102360780,بازرسي مهندسي و صنعتي ايران,0.0
274,10103838251,سرمايه گذاري اقتصاد نوين,0.0
275,10101063793,صنايع فروآلياژ ايران,0.0
276,10102776786,س. فني و مهندسي مشانير,0.0
277,10100127830,توليد ژلاتين كپسول ايران,0.0
278,10260036466,كشاورزي مكانيزه اصفهان كشت,0.0
279,10100360794,ايران‌ خودرو,0.0
280,10100326014,ايران خودرو ديزل,0.0
281,10101750182,سرمايه گذاري خوارزمي,0.0
282,10380275706,ايمن خودرو شرق,0.0
283,10101811903,سرمايه گذاري كشاورزي ايران,0.0
284,10320128841,توليد و توسعه سرب روي ايرانيان,0.0
285,10103992454,گروه سرمايه گذاري ميراث فرهنگي,0.0
286,10100532514,كمك‌فنرايندامين‌,0.0
287,10101455520,خدمات‌انفورماتيك‌,0.0
288,10101086742,صنايع ماديران,0.0
289,10102424818,بيمه پارسيان,0.0
290,10320466112,گ.س.وت.ص.پتروشيمي خليج فارس,0.0
291,10100394490,‌ايران‌دارو,0.0
292,10100270720,ايرانيت‌,0.0
293,10102682835,گسترش سرمايه گذاري ايرانيان,0.0
294,10100288420,چيني ايران,0.0
295,10102912170,ليزينگ ايران و شرق,0.0
296,10103584004,س. و خدمات مديريت صند. ب كشوري,0.0
297,10860150516,سرمايه گذاري ايساتيس پويا,0.0
298,10260176520,صنايع كاشي اصفهان,0.0
299,10100323537,ايتالران‌,0.0
300,10460093783,گسترش صنايع روي ايرانيان,0.0
301,10260124447,ذوب روي اصفهان,0.0
302,10380018483,كشت و صنعت جوين,0.0
303,10100365410,جام‌دارو,0.0
304,10102685633,سرمايه گذاري جامي,0.0
305,10100967098,صنايع‌جوشكاب‌يزد,0.0
306,10102732727,پلي پروپيلن جم - جم پيلن,0.0
307,10320689841,توسعه مولد نيروگاهي جهرم,0.0
308,10101360099,سيمان كارون,0.0
309,10100282936,كف‌,0.0
310,10103343036,توليد برق ماهتاب كهنوج,0.0
311,10100928603,كابل‌ البرز,0.0
312,10420002350,گروه صنايع كاغذ پارس,0.0
313,10102425969,بيمه كارآفرين,0.0
314,10101788618,توسعه فناوري اطلاعات خوارزمي,0.0
315,10861220664,شركت كي بي سي,0.0
316,10530093613,توليد خاك نسوزاستقلال آباده,0.0
317,10100945346,مديريت سرمايه گذاري كوثربهمن,0.0
318,10100415452,كارخانجات كابلسازي ‌ايران‌,0.0
319,10103444238,كارگزاران بورس اوراق بهادار,0.0
320,10101038610,صنايع‌خاك‌چيني‌ايران‌,0.0
321,10100253038,كارخانجات دانه روغني خراسان,0.0
322,10100440067,خوراك‌ دام‌ پارس‌,0.0
323,10101292955,فنرسازي‌خاور,0.0
324,10860260078,فرآورده هاي سيمان شرق,0.0
325,10100994352,كارخانجات توليدي شهيد قندي,0.0
326,10100496027,پارس‌ خزر,0.0
327,10100353165,اقتصادي و خودكفايي آزادگان,0.0
328,10860212438,كاشي‌ وسراميك‌ حافظ‌,0.0
329,10420082717,سيمان خوزستان,0.0
330,10380275609,الكتريك‌ خودرو شرق‌,0.0
331,10860272853,كشتيراني درياي خزر,0.0
332,10101613123,صنايع شيميايي كيمياگران امروز,0.0
333,10861824398,كيميدارو,0.0
334,10100422509,كيوان,0.0
335,14005084146,گروه اقتصادي كرمان خودرو,0.0
336,10200110654,كولاك‌ شرق‌,0.0
337,10101511748,لبنيات‌كالبر,0.0
338,10860325845,كيا الكترود شرق,0.0
339,10530004647,كارخانجات‌مخابراتي‌ايران‌,0.0
340,10380192345,كارتن‌ مشهد-ورشكسته,0.0
341,10101726150,توسعه معدني و صنعتي صبانور,0.0
342,10101108480,توسعه صنايع و معادن كوثر,0.0
343,10100931903,سرمايه گذاري كشاورزي كوثر,0.0
344,10320849582,شركت اعتباري كوثر مركزي,0.0
345,10100313060,كارخانجات پشمبافي افشار يزد,0.0
346,10861572410,تجارت الكترونيك پارسيان كيش,0.0
347,10100607716,كاشي‌ پارس‌,0.0
348,10102006226,بانك‌ كارآفرين‌,0.0751
349,10100893127,ايركا پارت صنعت,0.0
350,10860555136,س. توسعه وعمران استان كرمان,0.0
351,10320554400,صنعت غذايي كورش,0.0
352,10860328848,پتروشيمي خراسان,0.0
353,10100314075,كارتن‌ ايران‌,0.0
354,10100353754,كاشي‌ سعدي‌,0.0
355,14000029210,كاشي صدف سرام استقلال آباده,0.0
356,10480041969,صنعتي و معدني شمال شرق شاهرود,0.0
357,10861629011,كشتيراني جمهوري اسلامي ايران,0.0
358,10460051194,كالسيمين‌,0.0
359,10101142728,صنايع‌كاغذسازي‌كاوه‌,0.0
360,10100681073,شركت كيسون,0.0
361,10100929813,داروسازي كاسپين تامين,0.0
362,10102335460,آريان كيميا تك,0.0
363,10861569320,فولاد كاوه جنوب كيش,0.0
364,10102054719,توليدي فولاد سپيد فراب كوير,0.0
365,10101142407,كوير تاير,0.0
366,14005764521,گروه مالي كيان,0.0
367,10460103128,معدني كيمياي زنجان گستران,0.0
368,10460095240,زرين معدن آسيا,0.0
369,10100537713,لاميران,0.0
370,10100515104,لامپ‌ پارس‌ شهاب‌,0.0
371,10530042814,شركت سيمان لارستان,0.0
372,10100884254,لعابيران‌,0.0
373,10100365216,لنت‌ ترمزايران‌,0.0
374,10101601243,شركت مواد ويژه ليا,0.0
375,10100415336,ماليبل سايپا,0.0
376,10102340228,ليزينگ ايرانيان,0.0
377,10102736184,ليزينگ كارآفرين,0.0
378,10102404600,ليزينگ‌خودروغدير,0.0
379,10100670346,لوازم‌ خانگي‌ پارس‌,0.0
380,10100377816,لوله‌وماشين‌سازي‌ايران‌,0.0
381,10102801085,سرمايه گذاري لقمان,0.0
382,10102706370,شركت ليزينگ اميد,0.0
383,10100326962,لبنيات‌ پاك‌,0.0
384,10101016677,محصولات كاغذي لطيف,0.0
385,10102133962,ليزينگ پارسيان,0.0
386,10101477350,لوله‌وتجهيزات‌ سديد - ورشكسته,0.0
387,10100742486,ليزينگ‌صنعت‌ومعدن‌,0.0
388,10320699470,تامين سرمايه لوتوس پارسيان,0.0
389,10100678951,ليزينگ ايران,0.0
390,10630119282,مجتمع توليد گوشت مرغ ماهان,0.0
391,10101634157,توسعه‌معادن‌وفلزات‌,0.0
392,10100534535,كشاورزي‌ ودامپروي‌ مگسال‌,0.0
393,10101562211,كشاورزي و دامپروري ملارد شير,0.0
394,10101431259,گروه مپنا (سهامي عام),0.0
395,10780016544,ماشين‌ سازي‌ اراك‌,0.0
396,10100401610,س. مديريت سرمايه مدار,0.0
397,10103500247,توسعه معادن وص.معدني خاورميانه,0.0
398,10101638604,گروه توسعه مالي مهر آيندگان,0.0
399,10101060748,ملي شيمي كشاورز,0.0
400,10100399042,محورسازان‌ايران‌خودرو,0.0
401,10260317792,توليد مواداوليه الياف مصنوعي,0.0
402,10101267070,مهركام‌پارس‌,0.0
403,10100442415,شيشه سازي مينا,0.0
404,10103698106,بيمه ميهن,0.0738
405,10320702178,توسعه بازرگاني آهن وفولادميلاد,0.0
406,10100320247,پارس‌ مينو,0.0
407,10460002140,صنعتي مينو,0.0
408,10101357447,سرمايه گذاري ملت,0.0
409,10103647290,مخابرات ايران,0.0
410,14006444985,بيمه زندگي خاورميانه,0.0
411,10860958854,معادن‌منگنزايران‌,0.0
412,10860251887,شركت صنايع غذايي مينو شرق,0.0
413,10260132760,مهندسي‌نصيرماشين‌,0.0
414,10320055865,مبين انرژي خليج فارس,0.0
415,10980196817,مبين وان كيش,0.0
416,10320359435,سرمايه گذاري توسعه معين ملت,0.0
417,10101541927,بيمه معلم,0.0
418,10200062838,موتوژن‌,0.0
419,10200115133,ماشين‌آلات صنعتي تراكتورسازي‌,0.0
420,14005921810,مديريت نيروگاهي ايرانيان مپنا,0.0
421,10103122715,سرمايه گذاري مسكن پرديس,0.0
422,10100542221,توليدي‌مهرام‌,0.0
423,10100239199,مارگارين‌,0.0
424,10100470757,ايران‌ مرينوس‌,0.0
425,10700073536,بازرگاني و توليدي مرجان كار,0.0
426,10320345330,ماداكتو استيل كرد,0.0
427,10103382392,سرمايه گذاري مسكن جنوب,0.0
428,10101236571,سرمايه‌گذاري‌ مسكن‌,0.0
429,10100582059,ملي‌ صنايع‌ مس‌ ايران‌‌,0.0
430,10200101232,موتورسازان‌تراكتورسازي‌ايران‌,0.0
431,10101701430,سرمايه‌گذاري صنعت‌نفت‌‌,0.0
432,10100577370,نورد آلومينيوم‌,0.0
433,10861658827,توليدي مخازن گاز آسياناما,0.0
434,10380412012,مجتمع معادن مس تكنار,0.0
435,10100592890,فراورده‌ هاي‌ نسوزايران‌,0.0
436,10860410234,توليد نيروي برق آبادان,0.0
437,10100434484,نفت‌ بهران‌,0.0
438,10000000002,نهادهاي مالي بورس اوراق بهادار,0.0636
439,10100484546,نوردوقطعات‌ فولادي‌,0.0
440,10100686779,سرمايه‌گذاري‌ ملي‌ايران‌,0.0
441,10101260035,نيروترانس‌,0.0
442,10101488239,نيرو سرمايه,0.0
443,10320412650,اقتصادي نگين گردشگري ايرانيان,0.0
444,10102593361,شركت نفت جي,0.0
445,10260138918,قند نقش جهان,0.0
446,10000000003,نهادهاي مالي بورس كالاي ايران,0.0
447,10260276866,نيروكلر,0.0
448,10260224667,كاشي نيلو,0.0
449,10101011750,نيرو محركه‌,0.0
450,10861410472,ماشين سازي نيرو محركه,0.0
451,10102373511,نفت ايرانول,0.0
452,10320059990,پتروشيمي نوري,0.0
453,10380410842,سرمايه گذاري كوه نور,0.0
454,10100977662,نوش‌مازندران‌,0.0
455,10102194601,بانك‌اقتصادنوين‌,0.0
456,10380225279,نوش پونه مشهد,0.0
457,10100302746,نفت‌ پارس‌,0.0
458,10102472141,نفت پاسارگاد,0.0
459,10260298230,فرآورده‌هاي‌نسوزآذر,0.0
460,10630146473,مجتمع توليدي نيلي صنعت كرمان,0.0
461,10100980510,فرآورده‌هاي‌ نسوز پارس‌,0.0
462,10101683349,نوسازي‌وساختمان‌تهران‌,0.0
463,10102752082,س. ساختماني نظام مهندسي ايران,0.0
464,10101097919,مهندسي و ساختمان صنايع نفت,0.0
465,10104040308,فروشگاههاي زنجيره اي افق كوروش,0.0
466,10530196515,عمران‌وتوسعه‌فارس‌,0.0
467,10100282064,افست‌,0.0
468,10102258090,گروه مديريت سرمايه گذاري اميد,0.0
469,10630061317,صنايع مس افق كرمان,0.0
470,10320701236,تامين سرمايه اميد,0.0
471,10103210000,فرآوري معدني اپال كاني پارس,0.0
472,10103191091,شركت س استان تهران,0.0
473,10660111880,س.سهام عدالت استان كرمانشاه,0.0
474,10861305803,شركت س استان لرستان,0.0
475,10860553003,شركت عمران و توسعه شاهد,0.0
476,10102123404,توربو كمپرسور نفت,0.0
477,10102347321,سرمايه گذاري پارس آريان,0.0
478,10100364988,پاكسان‌,0.0
479,10101094555,پتروشيمي شازند,0.0
480,10320061053,پتروشيمي پارس,0.0
481,10100578556,گروه صنعتي پاكشو,0.0
482,10103389006,گسترش نفت و گاز پارسيان,0.0
483,10380386750,امور رفاهي كارگزاران پارس,0.0
484,10680070150,صنايع پتروشيمي دهدشت,0.0
485,10100336986,پارس‌ دارو,0.0
486,10530411361,پتروشيمي داراب,0.0
487,10720219420,شيرپاستوريزه پگاه گيلان,0.0
488,10101294315,صنايع تجهيزات نفت,0.0
489,10100367182,پارس‌ الكتريك‌,0.0
490,10102933619,توسعه صنعت نفت و گاز پرشيا,0.0
491,10260279928,پتروشيمي‌ اصفهان‌,0.0
492,10101336320,سرمايه‌گذاري صنايع پتروشيمي‌,0.0
493,10101826594,پتروشيمي فناوران,0.0
494,10530411380,پتروشيمي فسا,0.0
495,10101984431,پتروشيمي غدير,0.0
496,10102773156,س. پتروشيمي ساختمان خليج فارس,0.0
497,10700129398,شير پاستوريزه پگاه گلستان,0.0
498,14010836281,تامين سرمايه خليج فارس,0.0
499,10260122751,شير پاستوريزه پگاه گلپايگان,0.0
500,10320481010,برق و انرژي پيوندگستر پارس,0.0
501,10861349161,كشت‌وصنعت‌پياذر,0.0
502,10200056267,پمپ‌ سازي‌ ايران‌,0.0
503,10102588528,سرمايه گذاري پويا,0.0
504,10530411376,پتروشيمي جهرم,0.0
505,10100777300,پتروشيمي جم,0.0
506,10101807733,پتروشيمي اميركبير,0.0
507,10220038741,پاكديس,0.0
508,10660049146,صنايع پتروشيمي كرمانشاه,0.0
509,10100455748,پتروشيمي‌ خارك‌,0.0
510,10260145470,هتل پارسيان كوثر اصفهان,0.0
511,10101336301,صنايع پتروشيمي خليج فارس,0.0
512,10100664423,پخش البرز,0.0
513,10860256731,پتروشيمي كازرون,0.0
514,10100383116,پلاسكوكار,0.0
515,10100484677,كارخانجات توليدي پلاستيران,0.0
516,10103519478,پتروشيمي ممسني,0.0
517,10860727671,پتروشيمي مارون,0.0
518,10380421244,سرمايه گذاري مسكن شمال شرق,0.0
519,10103074333,سرمايه گذاري مسكن تهران,0.0
520,10101874688,پالايش نفت بندرعباس,0.0
521,10101874620,پالايش نفت اصفهان,0.0
522,10101874601,پالايش نفت لاوان,0.0
523,10101874806,پالايش نفت تبريز,0.0
524,10100649604,پلي اكريل ايران,0.0
525,10100016424,پارس پامچال,0.0
526,10102723888,پتروشيمي پرديس,0.0
527,10102952412,به پرداخت ملت,0.0
528,10380143951,پرميت‌,0.0
529,10101874709,پالايش نفت شيراز,0.0
530,10380382990,توسعه بين المللي پديده شانديز,0.0
531,10100482000,پارس‌ سرام‌,0.0
532,10103132855,مجتمع پترو صنعت گامرون,0.0
533,10530010025,پتروشيمي‌شيراز,0.0
534,10100392139,پشم‌شيشه‌ايران‌,0.0
535,10103044460,سرمايه گذاري معيار صنعت پارس,0.0
536,10100305257,فرهنگي ورزشي پرسپوليس,0.0
537,10100984191,پخش رازي,0.0
538,10420205695,س. نفت و گاز و پتروشيمي تأمين,0.0891
539,10101874640,پالايش نفت تهران,0.0
540,10100358442,گسترش صنايع پيام,0.0
541,10103105417,پرداخت الكترونيك پاسارگاد,0.0
542,10100250643,پويا زركان آق دره,0.0
543,10101912174,پتروشيمي زاگرس,0.0
544,10861480172,شركت عمران و سازندگي قزوين,0.0
545,10102636076,رادياتور ايران‌,0.0
546,10260323109,رهشاد سپاهان (سهامي عام,0.0
547,10102745549,دارويي ره آورد تامين,0.0
548,10102772290,ليزينگ رازي,0.0
549,10101564023,فروشگاه هاي زنجيره اي رفاه,0.0
550,10100727160,سرمايه‌گذاري‌ رنا(هلدينگ‌,0.0
551,10102510120,ايران ترانسفو ري,0.0
552,14009837187,ريل گردش ايرانيان,0.0
553,10100690330,صنايع‌ريخته‌گري‌ايران‌,0.0
554,10380279028,رينگ‌سازي‌مشهد,0.0
555,10100334245,بانك رفاه كارگران,0.0
556,10861532334,كارت اعتباري ايران كيش,0.0
557,10100614570,روغن‌ نباتي‌ ناب,0.0
558,10460063089,توسعه‌ معادن‌ روي‌ ايران‌,0.0
559,10100373295,داروسازي‌ روزدارو,0.0
560,10103357053,ريل پرداز نو آفرين,0.0
561,10530010540,توليد و صادرات ريشمك,0.0
562,10101821298,ليزينگ رايان‌ سايپا,0.0
563,10102564183,ريل سير كوثر,0.0
564,10200101095,ريخته‌گري‌ تراكتورسازي‌ ايران‌,0.0
565,10860727560,پتروشيمي اروند,0.0
566,10101402621,راه آهن حمل ونقل,0.0
567,10102968790,رايان هم افزا,0.0
568,10102425103,بيمه رازي,0.0
569,10100721769,كشت وصنعت شريف آباد,0.0
570,10101175572,سيمان ساوه,0.0
571,10240057286,سيمان‌ آرتا اردبيل,0.0
572,10101924696,سرمايه گذاري صدرتامين,0.2514
573,10100986880,سرمايه‌ گذاري‌ شاهد,0.0
574,14004518505,سرمايه گذاري گروه سپهرصادرات,0.0
575,10101660410,سرمايه گذاري ساختمان ايران,0.0
576,10320730277,بانك قرض الحسنه رسالت,0.0
577,10100322690,صنعتي‌ آما,0.0
578,10101154437,سرمايه گذاري صندوق بازنشستگي,0.0
579,10860513778,سرمايه گذاري مس سرچشمه,0.0
580,10380425043,مجتمع سيمان غرب آسيا,0.0
581,10102341535,سرمايه‌گذاري‌بهمن‌,0.0
582,10100218034,صنعتي‌ بهشهر,0.0
583,10420111121,سيمان‌ بهبهان‌,0.0
584,10101013009,سيمان‌ بجنورد,0.0
585,10380131896,سيمان لار سبزوار,0.0
586,10101134554,سيمان‌ داراب‌,0.0
587,10102837099,صنعتي دوده فام,0.0
588,10100456884,گروه‌صنعتي‌سديد,0.0
589,10100405629,سايپا ديزل,0.0
590,10740026271,سيمان‌ دورود,0.0
591,10101012980,صنعتي‌ دريايي‌ ايران‌,0.0
592,10101336603,صنايع سيمان دشتستان,0.0
593,10260101027,سيمان‌اصفهان‌,0.0
594,10101169402,سيمان‌ ايلام‌,0.0
595,10460054938,س.كاركنان صنعت برق زنجان وقزوي,0.0
596,10380041894,سيمان مجد خواف,0.0
597,10100981564,صنعتي و معدني ستبران,0.0
598,10260171510,گروه‌صنعتي‌سپاهان‌,0.0
599,10861533067,پرداخت الكترونيك سامان كيش,0.0
600,10101978329,نفت سپاهان,0.0
601,10260336470,شركت‌ ساختمان‌ اصفهان‌,0.0
602,10740023815,كارخانه فارسيت درود,0.0
603,10100235615,سيمان‌فارس‌وخوزستان,0.0
604,10101258929,سيمان فارس نو,0.0
605,10861051155,سيمان‌فارس‌,0.0
606,10861494662,شركت فارسيت اهواز,0.0
607,10100889278,شيشه‌ و گاز,0.0
608,10100917154,سيمان‌ قائن‌,0.0
609,10260333521,سامان‌ گستراصفهان‌,0.0
610,10660015738,سيمان‌غرب‌,0.0
611,10380252873,شهد ايران‌,0.0
612,10100409413,شيميايي رنگين,0.0
613,10102784472,سرمايه گذاري شفادارو,0.0
614,10530194416,صنايع‌ شيميايي‌ فارس‌,0.0
615,10820049324,سيمان‌هگمتان‌,0.0
616,10380222768,كشت و صنعت شهداب ناب خراسان,0.0
617,10100300290,شكرشاهرود,0.0
618,10861207150,كود شيميايي اوره لردگان,0.0
619,10861100557,شيشه‌ همدان‌,0.0
620,10103858909,صنايع‌ لاستيكي‌ سهند,0.0
621,10760319653,س. چشم انداز توسعه شمال,0.0
622,10102757695,مديريت صنعت شوينده ت.ص.بهشهر,0.0
623,10220012031,‌پگاه‌آذربايجان‌غربي‌,0.0
624,10100414510,شيشه‌ قزوين‌,0.0
625,10100985608,صنايع‌شيميايي‌سينا,0.0
626,10800074158,سيمان‌هرمزگان‌,0.0
627,10100246682,سيمان‌ شمال‌,0.0
628,10101178687,صنايع‌ كاشي‌ و سراميك‌ سينا,0.0
629,10100448712,سايپا,0.0
630,10101821319,سايپاشيشه‌,0.0
631,10101942066,سرمايه گذاري سيمان تامين,0.0
632,10101620879,سخت آژند,0.0
633,10630161649,مجتمع جهان فولاد سيرجان,0.0
634,10102172273,تامين مسكن جوانان,0.0
635,10101094745,سيمان‌ خزر,0.0
636,10102699549,س.ص.بازنشستگي كاركنان بانكها,0.0
637,10630019476,سيمان‌ كرمان‌,0.0
638,10101054217,سيمان‌خاش‌,0.0
639,10610016139,سيمان كردستان,0.0
640,10861393382,‌سالمين‌,0.0
641,10780114515,سرمايه گذاري مسكن الوند,0.0
642,10100665220,سيمان‌مازندران‌,0.0
643,10101143640,توسعه خدمات دريايي وبندري سينا,0.0
644,10100640089,سيمرغ,0.0
645,10102780031,سرمايه گذاري نيروگاهي ايران,0.0
646,10100273586,سرمايه گذاري توسعه صنعت وتجارت,0.0
647,10102680599,سرمايه گذاري ساختماني نوين,0.0
648,10101659507,سرمايه‌گذاري‌نيرو,0.0
649,10100946575,سرمايه گذاري سبحان,0.0
650,10100347145,سوژميران,0.0
651,10100396337,سوليران‌,0.0
652,10460036512,ملي‌ سرب‌وروي‌ ايران‌,0.0
653,10101296740,سرمايه‌گذاري‌ سپه‌,0.0
654,10720097761,سپيد ماكيان,0.0
655,10861934614,شيرپاستوريزه‌پگاه‌خراسان‌,0.0
656,10861147912,شيرپاستوريزه‌پگاه‌اصفهان‌,0.0
657,10100359308,شوكو پارس,0.0
658,10100328356,سپنتا,0.0
659,10101861112,بين المللي ساروج بوشهر,0.0
660,10100486265,سرما آفرين‌,0.0
661,10320903570,بيمه سرمد,0.0
662,10480015652,سيمان‌شاهرود,0.0
663,10100419821,سرمايه‌گذاري‌ سايپا,0.0
664,10260259140,سيمان‌سپاهان‌,0.0
665,10100233725,سيمان‌ شرق‌,0.0
666,10100970248,س. صنايع‌شيميايي‌ايران,0.0
667,10530324529,سيمان‌ سفيدني‌ريز,0.0
668,10200007381,سيمان‌ صوفيان‌,0.0
669,10480063936,فولاد شاهرود,0.0
670,10100383781,صنعتي و كشاورزي شيرين خراسان,0.0
671,10103914576,سپيدار سيستم آسيا,0.0
672,10861081241,سيمان‌ تهران‌,0.0
673,10700144582,پتروشيمي گلستان,0.0
674,10220016318,سيمان‌اروميه‌,0.0
675,10460051496,پارس‌سويچ‌,0.0
676,10102239945,صنايع بهداشتي ساينا,0.0
677,10101212701,همكاران سيستم,0.0
678,10101754741,سازه‌ پويش‌,0.0
679,10260328876,تابان نيرو سپاهان,0.0
680,10100387143,ايران‌ تاير,0.0
681,10100580397,تامين‌ ماسه‌ ريخته‌گري‌,0.0
682,10101044869,سرمايه گذاري تامين اجتماعي,0.0
683,14005751499,پيشگامان فن آوري و دانش آراميس,0.0
684,10320839651,بيمه تعاون,0.0
685,10100478433,تايدواترخاورميانه‌,0.0
686,10200142417,سرمايه‌گذاري‌توسعه‌آذربايجان‌,0.0
687,10260357602,ذغال‌سنگ‌ نگين‌ ط‌بس‌,0.0
688,10260377008,فرآوري زغال سنگ پروده طبس,0.0
689,10101907666,گروه سرمايه گذاري تدبير,0.0
690,10260439863,سرمايه گذاري توسعه توكا,0.0
691,10380266337,توسعه‌شهري‌توس‌گستر,0.0
692,10100254685,داروسازي‌ تهران‌ دارو,0.0
693,10380466986,گروه كارخانجات صنعتي تبرك,0.0
694,10103251617,صنايع پتروشيمي تخت جمشيد,0.0
695,10260289240,تكادو,0.0
696,10101477062,كنترل ‌خوردگي ‌تكين ‌كوي,0.0
697,10000000004,توليدكنندگان بورس كالاي ايران,0.0
698,10861658680,تكنوتار,0.0
699,10260294158,توليدي‌ كاشي‌ تكسرام‌,0.0
700,10101021508,دامداري تليسه نمونه,0.0
701,10320741707,تامين سرمايه تمدن,0.0
702,10102501905,سرمايه‌گذاري‌توسعه‌ملي‌,0.0
703,10320585987,بين المللي توسعه ص. معادن غدير,0.0
704,10101136712,توليدمحورخودرو,0.0
705,10320453421,تامين سرمايه بانك ملت,0.0
706,10320826260,تجلي توسعه معادن و فلزات,0.0
707,10101725603,توليدمواداوليه‌داروپخش‌,0.0
708,14005725237,بيمه تجارت نو,0.0
709,10103584900,تامين سرمايه نوين,0.0
710,14005652664,سرمايه گذاري اقتصاد شهر طوبي,0.0
711,10260272518,سرمايه‌گذاري‌توكافولاد(هلدينگ‌,0.0
712,10260041071,توسعه و عمران شهرستان نائين,0.0
713,10101912330,توسعه و عمران اميد,0.0
714,10100595801,تولي‌پرس‌,0.0
715,10260450980,توكاريل,0.0
716,10101702561,گروه س توسعه صنعتي ايران,0.0
717,10103637809,توسعه سامانه ي نرم افزاري نگين,0.0
718,10840053064,زغال سنگ پروده طبس,0.0
719,10860726096,پتروشيمي تندگويان,0.0
720,10260322490,مهندسي مرآت پولاد,0.0
721,10260492543,توكا رنگ فولاد سپاهان,0.0
722,10200044047,تراكتورسازي‌ايران‌,0.0
723,10861521552,توريستي ورفاهي آبادگران كيش,0.0
724,10100433825,ايران‌ ترانسفو,0.0
725,10103525426,تامين سرمايه امين,0.2563
726,10101117032,توليد سموم‌ علف‌ كش‌,0.0
727,10100539090,توسعه‌ صنايع‌ بهشهر(هلدينگ‌,0.0
728,10101767219,اعتباري توسعه,0.0
729,10100782085,سرمايه گذاري پارس‌ توشه‌,0.0
730,10100993098,كارخانجات‌توليدي‌شيشه‌رازي‌,0.0
731,10380019602,قند تربت حيدريه,0.0
732,10460096368,ترانسفورماتور توزيع زنگان,0.0
733,10260057369,توليدي و خدمات صنايع نسوز توكا,0.0
734,10220079472,پتروشيمي اروميه,0.0
735,10220022017,سيمان سفيد اروميه,0.0
736,10103024860,ليزينگ اقتصاد نوين,0.0
737,10380270277,احياء صنايع خراسان,0.0
738,10260326724,م .صنايع و معادن احياء سپاهان,0.0
739,10101324421,سرمايه گذاري صنايع ايران,0.0
740,10100304130,ويتانا,0.0
741,10103972003,واسپاري ملت,0.0
742,10102617399,شركت ليزينگ آريا دانا,0.0
743,14004810068,گ.مديريت ارزش سرمايه ص ب كشوري,0.0
744,10320821816,بانك مهر اقتصاد,0.0
745,10102681950,سرمايه گذاري وثوق امين,0.0
746,10860246171,بانك سينا,0.0
747,10102529006,بيمه سينا,0.0
748,10861638925,فرانسوز يزد,0.0
749,10100440525,ايران‌ياساتايرورابر,0.0
750,10101016508,مجتمع صنايع لاستيك يزد,0.0
751,10102967236,پتروشيمي مرجان,0.0
752,10000000005,عمران و مسكن سازان شمالغرب,0.0
753,10000000006,سرمايه گذاري حافظ اعتماد,0.0
754,10102801066,سرمايه گذاري ارشك,0.0
755,10000000007,سرمايه گذاري سيراف,0.0
756,10102801961,سرمايه گذاري سليم,0.0
757,10102773137,سرمايه گذاري زعيم,0.0
758,10000000008,سرمايه گذاري اعتصام,0.0
759,10000000009,سرمايه گذاري مفتاح,0.0
760,10320856814,مولدنيروگاهي تجارت فارس,0.0
761,10102399345,گسترش صنعت علوم زيستي,0.0
762,10320814852,توليد برق پرند مپنا,0.0
763,10102169938,سرمايه گذاري اعتضاد غدير,0.0
764,10000000010,شركت اعتباري ثامن,0.0
765,10000000011,خدمات مديريت صندوق بازنشستگي,0.0
766,10102855345,خدمات هوايي سامان,0.0
767,10103754436,فولاد زرند ايرانيان,0.0
768,10104088225,فولاد سيرجان ايرانيان,0.0
769,10000000012,تامين سرمايه كيميا,0.0
770,10460086306,صنعت روي زنگان,0.0
771,10100047773,صنعتي زر ماكارون,0.0
772,10101335387,مرغ اجداد زربال,0.0
773,10000000014,توسعه گردشگري ايران,0.0
774,10000000013,حمل و نقل ايران و روسيه,0.0
775,10000000015,مهندسي جوش ايران,0.0
776,10000000016,خدمات غير صنعتي گاز ايران,0.0
777,10000000017,پايانه ها و مخازن پتروشيمي,0.0
778,10000000018,كالاي پتروشيمي,0.0
779,10861351572,توليد نيروي برق سهند,0.0
780,10101336772,بهره برداري نيروگاه دز,0.0
781,14008126329,فن آوا كارت,0.0
782,10103978066,پتروشيمي سلمان فارسي,0.0
783,10100627111,نوسازي صنايع ايران,0.0
784,10100655069,ساختماني عمران تكلار,0.0
785,10480037917,زغالسنگ البرز شرقي,0.0
786,10840007960,سنگ آهن مركزي,0.0
787,14005155456,نيروگاه زاگرس كوثر,0.0
788,10680047080,شير و گوشت زاگرس شهركرد,0.0
789,10320503079,بانك ايران زمين,0.0
790,10100370594,زامياد,0.0
791,10260482101,سرمايه‌گذاري مسكن زاينده رود,0.0
792,10460101525,صنايع كشاورزي وكود زنجان,0.0
793,10260085303,ذوب آهن اصفهان,0.0
794,10240011565,ملي كشت و صنعت و دامپروري پارس,0.0
795,10184001687,گروه ص. پژوهشي فرهيختگان زرنام,0.0
796,10320311482,صرافی فراز اعتماد,0.0
797,10320718470,شبکه الکترونیکی پرداخت کارت شاپرک,0.0
798,10103714248,ساماندهی مطالبات معوق,0.0
799,14008341286,مدیریت بازار متشکل معاملات ارزی,0.0
800,14005790156,سامانه های کاربردی کلان همگام,0.0
801,10102801942,گروه مالی ملت,0.0
802,10101165910,بهساز مشارکت های ملت,0.0
803,14004003162,گروه فن آوران بهسازان فردا,0.0
804,10861406488,تولیدی گرانول قزوین,0.0
805,10102363667,کوبل دارو,0.0
806,14006408218,گروه مدیریت سرمایه لیان,0.0
807,14007070869,آرین الوند پارس,0.0
808,10000000054,صندوق سرمایه گذاری اختصاصی بازارگردانی صبا گستر نفت و گاز تامین,0.0
809,10260181270,ایثار فجر کاشان,0.0
810,10000000019,صندوق سرمایه گذاری اختصاصی بازارگردانی آواری زاگرس,0.0
811,10102773194,سرمایه گذاری امین اعتماد,0.0
812,10103492170,گسترش الکترونیک تدبیر ایران,0.0
813,10000000063,صندوق سرمایه گذاری اختصاصی بازارگردانی تراز ویستا,0.0
814,10103891706,توسعه سرمایه گذاری دریا ساحل ایرانیان,0.0
815,10102987556,پیشتازان تجارت ویستا,0.0
816,10103891690,توسعه تجارت مجازی سارینا,0.0
817,10102911447,نو آوری ستاره پارسیان,0.0
818,14008302538,پیشگامان رشد و نوآوری,0.0
819,10103137408,سرمایه گذاری آتیه صبا,0.0
820,14010024250,توسعه کارآفرینی ماکان,0.0
821,14006953961,دنیای رشد و نوآوری,0.0
822,14009224728,رادیس,0.0
823,10101885990,صنعتی آراسته معدن,0.0
824,10861503629,کوشش آذین قشم,0.0
825,10861394039,سرمایه گذاری گلومینکو قشم,0.0
826,14001907528,بیمه مرکزی جمهوری اسلامی ایران,0.0
827,14004046372,گروه مالی پارسیان,0.0
828,10103652364,صنایع آلوم رول نوین,0.0
829,10780110885,روان گداز پردیس,0.0
830,10103529793,مدبر تجارت آریا,0.0
831,10103529800,پرتو کالا پردیس,0.0
832,10101195187,امین آر,0.0
833,10380430077,سرمایه گذاری سهام عدالت استان خراسان رضوی,0.0
834,10530320996,سرمایه گذاری استان فارس,0.0
835,10860903365,سرمایه گذاری استان خوزستان,0.0
836,10260490269,سرمایه گذاری استان اصفهان,0.0
837,10102158022,سازمان توسعه و نوسازی معادن و صنایع معدنی ایران,0.0
838,14008307703,سرو سودمند مدبران,0.0
839,14006249920,تلاش انگیزه دارای آریا,0.0
840,14011339503,امین سلامت بهاران,0.0
841,10320866327,صندوق سرمایه گذاری اندوخته پایدار سپهر,0.0
842,14006852814,سازمان اقتصادی کوثر,0.0
843,14006012357,اختصاصی بازارگردانی گروه دی,0.0
844,14008473366,اختصاصی بازارگردانی پاداش پشتیبان پارس,0.0
845,10000000059,صندوق سرمایه گذاری اختصاصی بازارگردانی توسعه بازار تمدن,0.0
846,14003959426,رسا سامان آریا,0.0
847,10320600788,صندوق سرمایه گذاری بانک گردشگری,0.0
848,14005496342,صندوق سرمايه گذاري اندوخته توسعه صادرات آرماني,0.0
849,10000000099,صندوق سرمايه گذاري امين يكم فردا,0.0
850,14004128084,پارس تامین مجد,0.0
851,10103679112,گسترش فناوری های نوین,0.0
852,10100589211,رفاه وتامین اتیه امید,0.0
853,10320752394,صندوق سرمایه گذاری امین آشنا ایرانیان,0.0
854,14004183170,حکمت آشنا ایرانیان,0.0
855,10100258391,ملی نفتکش ایران,0.0
856,10100906047,حمل واردات ایران,0.0
857,10100976112,حمل دریایی ایران,0.0
858,10103372005,مفید شیشه,0.0
859,14007120347,اختصاصی بازارگردانی سهم آشنا یکم,0.0
860,14009518268,نام آوران تجارت اردستان,0.0
861,10630025764,صندوق بازنشستگی شرکت ملی صنایع مس ایران,0.0
862,10101915348,کارخانجات نورد لوله یاران,0.0
863,10320469990,پاتین بین الملل پردیس,0.0
864,14007123145,تامین آتیه سرزمین ایرانیان,0.0
865,10103258569,بين المللي سرمايه گذاري ايرانيان,0.0
866,10380450359,سرمایه گذاری آینده نگر شرق,0.0
867,14006336023,عمران پی ژیوار,0.0
868,10320400445,طلایه داران تجارت کاسپین,0.0
869,14008157950,نیکان سرشت سرزمین ایرانیان,0.0
870,10861529184,آی اف اس کیش,0.0
871,10000000029,صندوق سرمایه گذاری اختصاصی بازارگردانی افتخار حافظ,0.0
872,10102803281,سرمایه گذاری دلیران پارس,0.0
873,10320650723,پیشگامان توسعه شهری ایرانیان,0.0
874,10380305808,آساگستران خراسان,0.0
875,14009263200,سرمایه گذاری کشاورزی آرتین هیواد,0.0
876,10000000060,صندوق سرمایه گذاری اختصاصی بازارگردانی توسعه تاک دانا,0.0
877,10320813657,صندوق سرمایه گذاری مشترک آسمان یکم,0.0
878,10102694700,سرمایه گذاری گروه صنعتی رازی,0.0
879,14005108893,اختصاصی بازار گردان صبا نیک,0.0
880,10000000036,صندوق سرمایه گذاری اختصاصی بازارگردانی توسعه فولاد مبارکه,0.0
881,14000074621,شرکت پویا فراز کیش,0.0
882,10861530138,سرمایه گذاری ای اف جی اج کیش,0.0
883,10103037570,مؤسسه صندوق بازنشستگی وظیفه از کار افتادگی و پس انداز کارکنان بانکهای ملی و ادغام شده,0.0
884,10101997560,صبا میهن,0.0
885,14004107956,مشترک ارزش کاوان آینده,0.0
886,10380520955,توسعه توس بان امین,0.0
887,14006243544,گسترش سرمایه هوشمند,0.0
888,10103761233,گروه مالی ملل,0.0
889,14004407347,بازارگردانی نوین پیشرو,0.0
890,10380647203,افق رهباد خاوران توس,0.0
891,14007411551,تامین انرژی سپنتا توس,0.0
892,10320352137,گروه توسعه اقتصاد ملل,0.0
893,10320774211,تجارت نصر البرز,0.0
894,10380647222,خاوران جم گسترش تابران,0.0
895,10862064732,بانک سپه,0.0
896,10101364297,صنعتی و بازرگانی غدیر,0.0
897,10103837742,سرمایه گذاری آذر,0.0
898,10000000043,صندوق سرمایه گذاری اختصاصی بازارگردانی لاجورد دماوند,0.0
899,10102898876,سرمایه گذاری مهرگان سرمایه پارس,0.0
900,10000000024,صندوق سرمایه گذاری اختصاصی بازارگردانی آتیه باران,0.0
901,14008247684,فناوری اطلاعات و ارتباطات راهبرد,0.0
902,14007707492,رسا سازه پی کاوان مهام,0.0
903,10320692265,آرتا ایده نفیس,0.0
904,10320673140,سرمایه گذاری صنعتی معدنی آریا فاتح خاورمیانه,0.0
905,10320692094,سرمایه گذاری آتیه مداران,0.0
906,14004068870,خدمات مدیریت اندیشه آتیه مداران,0.0
907,14008556974,فناوری ارتباطات و اطلاعات ایده دیجیتال هوشمند,0.0
908,10103460290,سرمایه گذاری مهرگان تامین پارس,0.0
909,10101442691,کارگزاری بانک صنعت ومعدن,0.0
910,10320307426,سرمایه گذاری تامین آتیه مسکن,0.0
911,14005253222,صنعتی ومعدنی ایران,0.0
912,10200450670,گروه صنعتی اشتالز فولاد خاورمیانه,0.0
913,14008076836,تدبیر فردای نیک,0.0
914,10100937493,مدیریت طرح و توسعه آینده پویا,0.0
915,10100505148,مؤسسه بهارستان آسایش,0.0
916,10101814661,آرتا مبین سحر,0.0
917,10320884761,محب گردشگری سلامت ایرانیان,0.0
918,10102173008,گروه تولیدی رنان طب,0.0
919,10102593722,گسترش فناوری عمران زیست,0.0
920,10104060856,محب مهر سلامت پارس,0.0
921,10000000034,صندوق سرمایه گذاری اختصاصی بازارگردانی توسعه سهام نیکی,0.0
922,10000000033,صندوق سرمایه گذاری اختصاصی بازارگردانی تصمیم ساز,0.0
923,10320895923,سرزمین پهناور مهر,0.0
924,14005828941,مؤسسه دانش بنیان برکت,0.0
925,14006793310,اختصاصی بازارگردانی تدبیرگران فردا,0.0
926,14005786478,مدیریت سرمایه ارزش آفرین دانا,0.0
927,14005965618,مدیریت سرمایه آسای دانا,0.0
928,14005925472,توسعه سرمایه پارمیس,0.0
929,14007027064,باز آفرین ابهر نیکو,0.0
930,14007137903,توسعه کسب و کار باتیس,0.0
931,14006082952,راه سازان تلاش معدن,0.0
932,10320780362,بنیاد خیریه تات,0.0
933,10320858723,زینت تجارت آریا,0.0
934,10320661767,پارس سرمایه تابا,0.0
935,10320169213,تولیدی و صنعتی مهرآوران آتیه البرز,0.0
936,10000000055,صندوق سرمایه گذاری اختصاصی بازارگردانی امیدلوتوس پارسیان,0.0
937,14005933591,گروه مالی و اقتصادی آینده,0.0
938,10980226256,تجارت کالای دنا کیش,0.0
939,10320503955,صندوق سرمایه گذاری یکم کارگزاری بانک کشاورزی,0.0
940,10000000026,صندوق سرمایه گذاری اختصاصی بازارگردانی آرمان اندیش,0.0
941,10420196707,فنی و مهندسی جنوب تاسیسات,0.0
942,10860411138,مهندسی بازرگانی پیام قشم,0.0
943,10101759580,خدمات بازرگانی پیمان امیر,0.0
944,10320832748,گروه مالی شهر,0.0
945,10760094603,گسترش کشاورزی و دامپروری فردوس پارس,0.0
946,10100171920,بنیاد مستضعفان انقلاب اسلامی,0.0
947,10000000040,صندوق سرمایه گذاری اختصاصی بازارگردانی سینا بهگزین,0.0
948,10100625070,مؤسسه صندوق بیمه اجتماعی روستاییان و عشایر,0.0
949,14003674869,خردمندان صابر عصر,0.0
950,14009108895,صندوق سرمايه گذاري واسطه گري مالي يكم,0.0
951,10000000030,صندوق سرمایه گذاری اختصاصی بازارگردانی اکسیرسودا,0.0
952,14008036097,سرمایه گذاری تجاری سامانه های رایانه ای هوپاد هونامیک,0.0
953,10100053930,خدمات مدیریت صبا تامین,0.0
954,14004684611,با درآمد ثابت کاردان,0.0
955,10100351811,گروه مالی و اقتصادی دی,0.0
956,10320539175,خدمات مالی حسابداری دی ایرانیان,0.0
957,10100567400,اندوخته شاهد,0.0
958,14009263160,سرمایه گذاری اقتصادی هامرز راتین,0.0
959,10861677542,بانک ملی,0.0
960,10000000073,صندوق سرمایه گذاری اختصاصی بازارگردانی توسعه ملل,0.0
961,10103858742,سهامی بیمه ایران,0.0
962,10102279261,گروه مالی سپه,0.0
963,10102803034,سرمايه گذاری يمين,0.0
964,14003699653,صندوق بازنشستگی کارکنان صدا و سیما,0.0
965,14004081532,ارزش آفرینان صبا,0.0
966,10103297319,سرمايه گذاري نگين خاتم ايرانيان,0.0
967,10380179815,مکین,0.0
968,14003902009,صندوق سرمایه گذاری مشترک بانک خاورمیانه,0.0
969,10200258715,سرمایه گذاری استان آذربایجان شرقی,0.0
970,10760345687,سرمایه گذاری استان مازندران,0.0
971,10630135824,سرمایه گذاری استان کرمان,0.0
972,10220124165,سرمایه گذاری استان آذربایجان غربی,0.0
973,10860405350,سرمایه گذاری استان سیستان و بلوچستان,0.0
974,10720243977,سرمایه گذاری استان گیلان,0.0
975,10700141201,سرمایه گذاری استان گلستان,0.0
976,10320528091,آتیه سازان دی,0.0
977,10320354635,سرمایه گذاری مدبران اقتصاد,0.0
978,10101380313,سرمایه گذاری فرهنگیان,0.0
979,10103349751,گروه سرمایه گذاری فولاد گستر کوثر,0.0
980,10104052682,توسعه سرمایه گذاری دریک,0.0
981,14004356528,مجتمع آهن و فولاد قایم سبلان,0.0
982,10260434191,آزمون احیاء سپاهان,0.0
983,10260334425,مهندسی قایم سپاهان,0.0
984,10102399005,گروه مهدتاژ,0.0
985,10103663870,گروه توسعه ساختمان تدبیر,0.0
986,10103871690,گروه توسعه اقتصادی تدبیر,0.0
987,10320823442,صندوق سرمایه گذاری لوتوس پارسیان,0.0
988,14006847020,با درآمد ثابت کمند,0.0
989,14003772673,صندوق سرمایه گذاری مشترک سپهر تدبیرگران,0.0
990,10104055685,مادر تخصصی گسترش صنایع غذایی سینا,0.0
991,14006123572,توسعه بازاریابی و فروش برق صبا,0.0
992,10000000038,صندوق سرمایه گذاری اختصاصی بازارگردانی خلیج فارس,0.0
993,10102986880,سرمایه گذاری زرین پرشیا,0.0
994,10000000028,صندوق سرمایه گذاری اختصاصی بازارگردانی آرمان انصار,0.0
995,10000000050,صندوق سرمایه گذاری اختصاصی بازارگردانی مهرگان,0.0
996,10100845276,تعاونی مصرف کارکنان ستاد ارتش جمهوری اسلامی ایران,0.0
997,10101727833,خدمات هواپیمایی کاسپین,0.0
998,10840070153,تعاونی خدماتی پیشگامان کویر یزد,0.0
999,10840086913,پیشگامان کویر آسیا,0.0
1000,10000000046,صندوق سرمایه گذاری اختصاصی بازارگردانی بهمن گست,0.0
1001,10102685249,سرمایه گذاری آوین,0.0
1002,14003725635,صندوق سرمایه گذاری آسمان آرمانی سهام,0.0
1003,14003767221,صندوق سرمایه گذاری توسعه اندوخته آینده,0.0
1004,10102727560,فن پردازان بهمن,0.0
1005,10102803015,سرمایه گذاری اندیشه فردا,0.0
1006,10102802996,سرمایه گذاری توسعه انرژی هور,0.0
1007,10102803205,سرمایه گذاری مانا نوین,0.0
1008,10101997272,بازرگانی عصر بهمن,0.0
1009,10000000041,صندوق سرمایه گذاری اختصاصی بازارگردانی گروه توسعه بهشهر,0.0
1010,10000000075,بيمه مركزي ايران-صندوق بازنشستگي,0.0
1011,10000000092,صندوق بازنشستگي کارکنان بانک مرکزی جمهوری اسلامي ايران,0.0
1012,10102960400,توسعه مدیریت پارس حافظ,0.0
1013,10103705170,نظم آوران شایسته,0.0
1014,10320839039,نسیم تجارت فردا,0.0
1015,10320836357,توسعه تجارت غرب ایرانیان,0.0
1016,10320876676,ارمغان تجارت پایدار,0.0
1017,10320635617,تجارت و توسعه مهرآفرینان ونداد,0.0
1018,10320635904,نظم آوران پویای ایرانیان,0.0
1019,14004210872,نیک اندیشان سروش فجر,0.0
1020,14004156637,دانش گستران آتی ساز پویا,0.0
1021,14008079936,همیاری سرمایه انسانی پاسارگاد,0.0
1022,10320634937,تجارت و توسعه مهرآفرینان سرآمد,0.0
1023,10100385648,بنیاد فرهنگی مصلی نژاد,0.0
1024,10320635047,اندیشه سازان بسامان ونداد,0.0
1025,10630107136,معدنکاری اولنگ,0.0
1026,10380474989,کیا آسا تجارت توس,0.0
1027,14004975980,مشترک افق کارگزاری بانک خاورمیانه,0.0
1028,10102417191,سام گروه,0.0
1029,14009224859,گروه راما,0.0
1030,10101730772,کارگزاری سی ولکس,0.0
1031,10102558446,کارگزاری ستاره جنوب,0.0
1032,10101476080,کارگزاری بانک کشاورزی,0.0
1033,10760335630,کارگزاری بانک آینده,0.0
1034,10102702966,کارگزاری صبا جهاد,0.0
1035,10102634872,کارگزاری توسعه کشاورزی,0.0
1036,10102002047,کارگزاری نهایت نگر,0.0
1037,10860222183,کارگزاری مبین سرمایه,0.0
1038,10102775538,کارگزاری سینا,0.0
1039,14007297814,گروه خدمات بازار سرمایه مفید,0.0
1040,10101559627,کارگزاری صبا تامین,0.0
1041,10102040894,کارگزاری آتی ساز بازار,0.0
1042,10102676190,پرديس متحد آريا,0.0
1043,10102631183,كارگزاري كالاي كشاورزي پيمان گستر,0.0
1044,10101553125,کارگزاری خبرگان سهام,0.0
1045,10104011299,توانمند سازی بازنشستگان نیروهای مسلح,0.0
1046,10103653560,سرمایه گذاری تجاری شستان,0.0
1047,10000000093,صندوق بيمه عمرپرسنل سپاه,0.0
1048,10000000094,صندوق بيمه عمرپرسنل ناجا,0.0
1049,10000000095,صندوق بيمه عمرپرسنل آجا,0.0
1050,10101954690,خدمات بیمه ای سهند مشاور,0.0
1051,10320330972,سرمایه گذاری الماس حکمت ایرانیان,0.0
1052,10320683865,آینده سازان فردای کوثر,0.0
1053,10320145605,مؤسسه بنیاد تعاون وزارت دفاع و پشتیبانی نیروهای مسلح,0.0
1054,10260135725,مؤسسه فرهنگی خدمات مسافرت هوایی گردشگری و زیارتی ثامن الایمه,0.0
1055,10104000426,سرمایه آب خاک توسعه,0.0
1056,10380667692,بازرگانی فرا گستر مهان آرمان,0.0
1057,10102927198,گروه مالی دانایان,0.0
1058,10860712482,توسعه بازرگانی هیواد,0.0
1059,14004460426,هلدینگ سرآمد,0.0
1060,10000000051,صندوق سرمایه گذاری اختصاصی بازارگردانی دانایان,0.0
1061,10101128860,پروژه های صنعتی ایران,0.0
1062,10320824078,پدیده آفرین شفق,0.0
1063,10100687843,گروه مالی بانک مسکن,0.0
1064,10320782725,مسکن کارکنان بانک دی,0.0
1065,10320658317,صندوق سرمایه گذاری ارزش آفرینان دی,0.0
1066,14007562887,سرمایه گذاری ساختمانی ارزش زمان,0.0
1067,14007982406,سرمایه گذاری دارویی بهیان پرمون,0.0
1068,14008783355,سرمایه گذاری معدنی اسپاد تجارت هیوا,0.0
1069,10320637769,افق نیلی خلیج فارس,0.0
1070,10103679146,سرمایه گذاری سایه گستر سرمایه,0.0
1071,10200255770,ویرا سهند تبریز,0.0
1072,14000187509,دولت جمهوري اسلامي ايران,0.0
1073,14005659219,اختصاصی بازارگردانی ملت,0.0
1074,10320727017,معین آتیه خواهان,0.0
1075,10861063512,شیرین عسل,0.0
1076,10101407567,سرمایه گذاری سپهر,0.0
1077,14003867572,توسعه آب و برق خاورمیانه,0.0
1078,10102196812,سیما مارین بندر عباس,0.0
1079,14004600493,تامین آتیه درخشان نوین,0.0
1080,10861555809,مدیریت منابع پیمان فردا کیش,0.0
1081,10320898341,گسترش صنعت نوین ایرانیان,0.0
1082,10101671551,کارگزاری بورس بیمه ایران,0.0
1083,10861642000,کارگزاری و بورس اوراق بهادار رضوی,0.0
1084,10100830068,گروه توسعه بوتان,0.0
1085,10000000052,صندوق سرمایه گذاری اختصاصی بازارگردانی الگوریتمی امید فارابی,0.0
1086,10861495338,صنعتی تولا,0.0
1087,14000286830,سازمان خصوصی سازی,0.0
1088,10102695661,سرمایه گذاری سمند,0.0
1089,10320628668,مهر آفرینان دوران,0.0
1090,10102818563,تک آوران شرق,0.0
1091,10320628649,ایده گستر دور اندیش,0.0
1092,10102772894,توسعه اقتصاد فردا,0.0
1093,10320897851,فراز و فرود اقتصاد آینده,0.0
1094,10320554769,نگار نصر سهم,0.0
1095,10320682315,بازرگانی پاساد دانا ایرانیان,0.0
1096,10102584300,نمایندگی بیمه ایران خودرو,0.0
1097,10320281775,توسعه اقتصاد آینده سازان,0.0
1098,10101800644,تام ایران خودرو,0.0
1099,10101088782,تولیدی نیرو محرکه,0.0
1100,10101800663,تحقیق طراحی و تولید موتور ایران خودرو,0.0
1101,14004153731,نوآوران دانش پژوه خاورمیانه,0.0
1102,10320385492,میلاد گستر نوآوران,0.0
1103,10103705185,بینش پژوه ایرانیان,0.0
1104,10103705166,سهاب امید ایرانیان,0.0
1105,10103223273,تامین آتیه سرمایه انسانی پاسارگاد,0.0
1106,10103015113,بازرگانی همقدم,0.0
1107,14003923256,توسعه و مدیریت سرمایه صبا,0.0
1108,14004547166,آرمان گستر خردمند,0.0
1109,14004847429,آرمان گستر ظفرمند,0.0
1110,10320635070,بارقه امید ایرانیان,0.0
1111,10000000053,صندوق سرمایه گذاری اختصاصی بازارگردانی اندیشه زرین پاسارگاد,0.0
1112,14004355907,تدبیرگران پیشرو پایدار زرین,0.0
1113,10320868300,پدیده تابان تجارت,0.0
1114,10103160268,سامان ساخت آریان,0.0
1115,10103907350,تامین مسکن گروه مالی پاسارگاد,0.0
1116,10103724899,ایماژ آفتاب,0.0
1117,10320890173,بارمان مدیران پارس,0.0
1118,10102613264,توسعه و گسترش اندیشه پارس,0.0
1119,10101664866,پاد ذوب تهران,0.0
1120,10861532539,سرمایه گذاری هامون کیش,0.0
1121,10000000057,صندوق سرمایه گذاری اختصاصی بازارگردانی پست بانک ایران,0.0
1122,10320895904,کار اندیش دوران معاصر,0.0
1123,14009694778,واسط مالی آبان پنجم,0.0
1124,10320393136,پالایش پارسیان سپهر,0.0
1125,10102703061,توسعه سرمایه گذاری سامان,0.0
1126,10100395131,صندوق حمایت وبازنشستگی کارکنان فولاد,0.0
1127,10000000077,سازمان موقوفه بنيادوفائيان,0.0
1128,14009661505,مدیریت سرمایه قلک,0.0
1129,10320437601,توسعه امید آتیه اندیش,0.0
1130,14006936454,ایده پردازان بازار سرمایه امین,0.0
1131,10861329483,صنایع برق و انرژی صبا,0.0
1132,10000000074,صندوق سرمایه گذاری اختصاصی بازارگردانی سپهر بازار سرمایه,0.0
1133,14004492440,اختصاصی بازارگردانی گنجینه سپهر صادرات,0.0
1134,10100380468,توسعه همیاری سپهر,0.0
1135,14003187260,شهرداری تهران,0.0
1136,14002764962,شهرداری مشهد,0.0
1137,14000277232,شهرداری اصفهان,0.0
1138,14000303350,شهرداري تبريز,0.0
1139,14002879398,شهرداری قم,0.0
1140,14000287942,شهرداری کرج,0.0
1141,14002091671,شهرداري شيراز,0.0
1142,14000302967,شهرداري قزوين,0.0
1143,10103652419,مؤسسه صندوق ذخیره کارکنان شهرداری تهران,0.0
1144,10102887184,پترو شیمی مهر,0.0
1145,14001912820,سازمان بازنشستگي شهرداري تهران,0.0
1146,10103305536,خودرو سازی کارمانیا,0.0
1147,10102437970,الین شیمی,0.0
1148,10320859441,گروه توسعه مالی و اقتصادی سامان,0.0
1149,10861915825,شركت ايران وغرب,0.0
1150,10000000101,صندوق سرمايه گذاري با درآمد ثابت نگين سامان,0.0
1151,10000000109,موقوفات خاص حاج حسينعلي خان زنگنه,0.0
1152,10100915663,ایران پیروز,0.0
1153,10100659398,نکا پلاستیک,0.0
1154,10103669614,گروه توسعه انرژی تدبیر,0.0
1155,10100182809,بنیاد پانزده خرداد,0.0
1156,10101152264,بازرگانی و خدمات بندری ایران,0.0
1157,14005125296,اختصاصی بازارگردانی تجارت ایرانیان اعتماد,0.0
1158,10102933486,توسعه معادن جنوب,0.0
1159,10102454621,سرمایه گذاری ایرانیان,0.0
1160,10102177040,اعتبارکارکنان بانک ملت,0.0
1161,10100812474,تعاونی مصرف کارکنان بانک ملت,0.0
1162,10320380692,مدیریت سرمایه آتیه خواهان,0.0
1163,10800021304,گروه صنعت سلولزی تأمین گستر نوین,0.0
1164,14008885577,تحلیل گران توسعه امید مالی البرز,0.0
1165,10360036020,آتیه سازان باقران,0.0
1166,14008508268,سرمایه گذاری کاریزما,0.0
1167,14000259050,سازمان بورس و اوراق بهادار,0.0
1168,10101425199,کارگزاری بانک سپه,0.0
1169,10100599026,سرامیک البرز,0.0
1170,10000000081,تعاوني اعتباركارخانه نيلو,0.0
1171,10000000071,FIN Zf Friedrichshafen Ag,0.0
1172,10103995286,گروه تولیدی آریا ملل زرین,0.0
1173,10103652024,به پخش,0.0
1174,14005456251,آروین ملل زرین,0.0
1175,10530177287,تولیدی خدماتی بازرگانی احرار فارس,0.0
1176,10380239598,کشت و صنعت بین الملل چین چین,0.0
1177,14010383178,آوا تجارت سعید,0.0
1178,10260673742,زرین دانه سر آشپز,0.0
1179,14008632146,اختصاصی بازارگردانی معیار,0.0
1180,10101961313,گروه صنعتی سپهر آرمان,0.0
1181,10000000088,مديريت سرمايه تامين سپهرآرمان,0.0
1182,14008883254,کشت و صنعت قند خاورمیانه,0.0
1183,10100867072,ناورود,0.0
1184,10101416634,گروه بین المللی آباد راهان پارس,0.0
1185,10100826512,ساختمانی پایاساز,0.0
1186,10101330914,ساختمانی کولهام,0.0
1187,10100318902,ساختمانی پرهام,0.0
1188,10380129694,سازمان اقتصادی رضوی,0.0
1189,10103998542,بازرگانی اعتماد گستر پرشین,0.0
1190,10380380610,کارگزاری سهام گستران شرق,0.0
1191,10320401850,سرمایه گذاری توسعه نور دنا,0.0
1192,10102193385,ارتباط گسترسینا,0.0
1193,10102331740,تامین مسکن نوید ایرانیان,0.0
1194,14002755462,شهرداری شهرکرد,0.0
1195,10102318561,تامین مسکن نوین,0.0
1196,14003163370,مجتمع اقتصادی کمیته امداد امام خمینی,0.0
1197,14008268646,عمران تجارت سروش,0.0
1198,14006632276,ماهان ساینار نوین,0.0
1199,14003698249,ارزش آفرینان فدک,0.0
1200,10000000065,FIN Donhauser Gmbh,0.0
1201,14004076794,ریل پرواز تندر خاورمیانه منطقه آزاد انزلی,0.0
1202,14004076849,توسعه تجارت صبا منطقه آزاد انزلی,0.0
1203,10103930149,امید دارو سلامت,0.0
1204,10320269389,تدبیر آتیه بزرگمهر,0.0
1205,10000000064,FIN Day Internatinoal FZE,0.0
1206,14009066759,سرمایه گذاری پرتو تابان معادن و فلزات,0.0
1207,10103501252,گروه خدمات بازار سرمایه الگوریتم,0.0
1208,10000000105,صندوق سرمايه گذاري سپيد دماوند,0.0
1209,10102886958,سرمایه گذاری هامون سپاهان,0.0
1210,10102950430,سرمایه گذاری کارکنان گروه مپنا,0.0
1211,10103273466,سرمایه گذاری سامان فرهنگیان,0.0
1212,10320303684,مدیریت توسعه سپند فردا,0.0
1213,10000000035,صندوق سرمایه گذاری اختصاصی بازارگردانی توازن کوروش,0.0
1214,10100185873,جامعه الامام الصادق علیه السلام,0.0
1215,10860949905,طاهر ایران,0.0
1216,14007843343,نوین گامان آتی همراه,0.0
1217,14004076815,تدبیر روشن تجارت منطقه آزاد انزلی,0.0
1218,10000000048,صندوق سرمایه گذاری اختصاصی بازارگردانی پرگار,0.0
1219,10103057702,گسترش صنایع معدنی کاوه پارس,0.0
1220,10101986809,مهندسی کاوه پوشش بناساز,0.0
1221,14003755472,واسط مالی مهر یکم,0.0
1222,14005620538,اختصاصی بازارگردانی کوشا الگوریتم,0.0
1223,10320498804,مشاور سرمایه گذاری تامین سرمایه نوین,0.0
1224,10320548447,سرمایه گذاری توسعه سرمایه رفاه,0.0
1225,10100359861,دارو سازی حکیم,0.0
1226,10102466554,دادوستداریا,0.0
1227,10260496279,گروه توسعه سرمایه گذاری انتخاب,0.0
1228,10840430467,تعاونی پست پیشگامان بادپا,0.0
1229,10860183871,تعاونی تولیدی پیشگامان عصر ارتباطات یزد,0.0
1230,14004061533,گروه داده پردازی پارسیان,0.0
1231,10320220705,سرمایه گذاری آتیه پار سیس پارس,0.0
1232,14005202423,توسعه دامپروری و کشاورزی امداد,0.0
1233,10780054589,کشت و صنعت زرین خوشه اراک,0.0
1234,10530173323,کشاورزی سبز دشت فارس,0.0
1235,10862052793,کشت و صنعت بازوی کشاورز,0.0
1236,10980088894,توسعه کشاورزی میثاق پایدار شمال,0.0
1237,14000259917,وزارت ورزش وجوانان,0.0
1238,10101390322,توسعه کسب و کار سبا,0.0
1239,10861536970,سهامی بیمه ایران - معین,0.0
1240,10103810941,گروه ارزش آفرینان پاسارگاد,0.0
1241,10103188357,مدبران ساخت آریان,0.0
1242,14004969790,دانا گستر کاسپین,0.0
1243,14004864503,آرمان نگر خاورمیانه,0.0
1244,10320343737,دارا گستر فردا,0.0
1245,10320852333,پیام آوران مدیریت ایرانیان,0.0
1246,10102822636,لیزینگ پاسارگاد,0.0
1247,10320856789,گسترش تجارت و توسعه تامین آتیه,0.0
1248,14004563273,تجارت پیشگان میهن نگر پارس,0.0
1249,14004199224,نوآوران توسعه و تجارت خاورمیانه,0.0
1250,14010812390,نیک اندیشان ارغوان پایدار,0.0
1251,10320477156,سپهر خرد ایرانیان,0.0
1252,10700029110,گروه صنایع شفا فارمد,0.0
1253,10102585130,سرمایه گذاری صنایع عمومی تامین,0.0
1254,10000000020,صندوق سرمایه گذاری اختصاصی بازارگردانی آرمان تدبیر نقش جهان,0.0
1255,10861519331,بازرگانی صندوق بازنشستگی کشوری,0.0
1256,10320847790,خدمات صبا تجارت یاس,0.0
1257,14006592146,واسط مالی آبان سوم,0.0
1258,10320518842,صندوق سرمایه گذاری مشترک پیشرو,0.0
1259,10260505007,آتیه فولاد نقش جهان,0.0
1260,10740049600,فناوران طلوع شبکه,0.0
1261,10103330398,خدمات ارتباطی رای تل,0.0
1262,10100323770,مهندسی و ساختمان پی چین,0.0
1263,14007214060,توسعه فن آوران داده پرداز زرفام,0.0
1264,14010328798,توسعه سرمايه فولادی اهورا سپيدار,0.0
1265,10102058370,توسعه سرمایه رادین,0.0
1266,14009747890,واسط مالی مهر پنجم,0.0
1267,10630006709,درمانی خیریه جوادالایمه ع,0.0
1268,10102234877,سرمایه گذاری کشتیرانی جمهوری اسلامی ایران,0.0
1269,10320691815,بین المللی فولاد تجارت دالاهو,0.0
1270,10103804083,گروه توسعه اقتصادی پایندگان,0.0
1271,10102844772,سرمایه گذاری سامان مجد,0.0
1272,10320170526,یگانه اندیش سرمایه,0.0
1273,10320611838,نگین شفق سپهر,0.0
1274,10101017663,مهندسی و مشاوره سازه گستر سایپا,0.0
1275,10460108686,بهسازان انرژی تدبیر زنگان,0.0
1276,10101491919,مدیریت فناوری بورس تهران,0.0
1277,10102313396,کارآفرینان صنعت ذوب فلزات,0.0
1278,10320681523,صندوق سرمایه گذاری مشترک پیشتاز,0.0
1279,10000000067,FIN StichingDepositaryAmtelonForsatFund,0.0
1280,10100348754,داروسازی تهران شیمی,0.0
1281,10460064120,سرمایه گذاری اندیشه محوران,0.0
1282,10102671483,سرمایه گذاری پارسیان,0.0
1283,10102924142,پدیده شیمی پایدار,0.0
1284,14004751723,واسط مالی آبان دوم,0.0
1285,14008885995,مدیریت سرمایه پدیده پایدار,0.0
1286,10101487029,صنعتی آرد زر,0.0
1287,14005705470,توسعه صنعتی غذایی زر,0.0
1288,14002039462,خورشید تجارت البرز,0.0
1289,14006430670,توسعه صنعت کیمیا زر,0.0
1290,14006945954,مؤسسه صندوق بازنشستگی نیروهای مسلح,0.0
1291,10000000096,صندوق بيمه عمر و حوادث نيروهاي مسلح,0.0
1292,14003755584,واسط مالی اسفند یکم,0.0
1293,10320660538,سرمایه گذاری برق و انرژی غدیر,0.0
1294,10103808813,سرمایه گذاری اهداف,0.0
1295,10420252832,پایاسامان جنوب,0.0
1296,10100511080,صنایع شیرایران,0.0
1297,10102819053,بازرگانی پویا گستر دنیا,0.0
1298,14005206275,بازرگانی بین المللی زرین دانه نشاط,0.0
1299,14003788105,امید آفرینان مدبر,0.0
1300,10100617330,مؤسسه ناجی سازان امین,0.0
1301,10102770018,انبوه سازان سبز اندیشان,0.0
1302,10101357432,مهندسی عمران وتولیدی نیرو,0.0
1303,10100477865,مؤسسه بنیاد تعاون نیروی انتظامی جمهوری اسلامی ایران,0.0
1304,10102553397,ناجی پاس,0.0
1305,10100480728,موسسه تامين اقلام مصرفي كاركنان ناجا,0.0
1306,10100554480,مؤسسه صندوق تعاون سرمایه گذاری مسکن بنیاد تعاون ناجا,0.0
1307,10102531514,توسعه صنایع شهد آذربایجان,0.0
1308,10000000027,صندوق سرمایه گذاری اختصاصی بازارگردانی ارزش آفرین ص.ب.ک,0.0
1309,10000000031,صندوق سرمایه گذاری اختصاصی بازارگردانی امیدایرانیان,0.0
1310,10100669447,سرمایه گذاری صنایع ایران,0.0
1311,10101952529,صادراتی توسعه صنایع بهشهر زرین,0.0
1312,14009881870,آرتان ثروت نسل نوین ویرا,0.0
1313,10320612805,همیار صنعت قدر آتیه,0.0
1314,14009723577,گروه توسعه گلدیران,0.0
1315,10000000039,صندوق سرمایه گذاری اختصاصی بازارگردانی دارا داریوش,0.0
1316,10861839285,سرمایه گذاری و توسعه گل گهر,0.0
1317,10102547630,گروه صنعتی گلرنگ,0.0
1318,10103919129,گسترش گل پخش اول,0.0
1319,10103919100,گروه مهد سرمایه گذاری خاورمیانه,0.0
1320,10103739427,گروه سرمایه گذاری کوروش,0.0
1321,10000000042,صندوق سرمایه گذاری اختصاصی بازارگردانی گوهرفام امید,0.0
1322,10320669521,پاکنام تولید گستر,0.0
1323,10000000106,صندوق سرمايه گذاري سهامي اهرمي كاريزما,0.0
1324,10700036205,توسعه کشت و صنعت ملی,0.0
1325,10100830959,طالب,0.0
1326,14006812835,پویا فراز ساپرا,0.0
1327,14005783363,اختصاصی بازارگردانی گروه گردشگری ایرانیان,0.0
1328,10320500213,گروه هتل های بین المللی رکسان,0.0
1329,10980204255,طلوع مروارید کیش,0.0
1330,10320878492,الماس شهراد شرق,0.0
1331,10320853237,گردشگری سفر خوش کام,0.0
1332,10320651534,توسعه امید افق گردشگری,0.0
1333,14006526509,تجارت اندیشه فروزان,0.0
1334,10320745924,فرآیند کمال پارسه ارزش,0.0
1335,10320496952,صبا سامان تجارت بامداد,0.0
1336,14004428030,اهورا نیک کیش,0.0
1337,14007025136,ویرا ویژ ن کیش,0.0
1338,10320491295,سینا تجارت بامداد البرز,0.0
1339,10103408077,عمرانی سرمایه گذاری ایران,0.0
1340,10320500209,نوین تجارت تندیس زاگرس,0.0
1341,10103863626,بازرگانی همقدمان,0.0
1342,10590000267,مؤسسه خیریه و بیمارستان حضرت آیت اله گلپایگانی,0.0
1343,10101624872,ذخیره شاهد,0.0
1344,10103212610,سرمایه گذاری شاهد انرژی,0.0
1345,14004656487,اریکه فولاد نوبخت,0.0
1346,14003739253,سبد گردان آرمان اقتصاد,0.0
1347,14004418488,گروه توسعه صنایع و معادن شهر,0.0
1348,10320640125,سرمایه گذاری آرمان نفیس پارسیان,0.0
1349,10320852937,صندوق سرمایه گذاری مشترک امید توسعه,0.0
1350,10320677144,صندوق سرمایه گذاری مشترک کارگزاری کارآفرین,0.0
1351,10320506000,صندوق سرمایه گذاری آرمان کارآفرین,0.0
1352,14006551151,واسط مالی مرداد سوم,0.0
1353,10320382996,ایثارگری خدمات حمل و نقل گردشگری و اتومبیل کرایه ایده آل شهر آرا,0.0
1354,14005091226,گروه مالی توسعه تعاون,0.0
1355,10103259555,مسیر سبز فرادیس,0.0
1356,14007513433,ره پویان تجارت یوتاب,0.0
1357,10380376230,سرمایه گذاری سهم نگر پویا,0.0
1358,10103879489,سامانه هوشمند دیبادین,0.0
1359,14004411097,یکتا سرآمد گیتی,0.0
1360,14003404218,دانشگاه علم و صنعت ایران,0.0
1361,10102767651,عصر توسعه و تحقیق,0.0
1362,10101242534,بازرگانی پتروشیمی,0.0
1363,10101336369,طراحی مهندسی و تامین قطعات و مواد شیمیایی صنایع پتروشیمی,0.0
1364,14000261665,سازمان تامین اجتماعی,0.0
1365,10980171131,بین المللی توسعه ساحل و فراساحل نگین کیش,0.0
1366,10320773020,گروه راهبرد مبین کوثر,0.0
1367,10320548578,توسعه فاوا صنعت,0.0
1368,14007992696,ماندگار ریل خاورمیانه,0.0
1369,10100710062,حمل ونقل بین المللی شنل,0.0
1370,10102275819,مالی و سرمایه گذاری پیشرو ایران,0.0
1371,10102023845,مدیریت سرمایه بیمه سلامت ایرانیان,0.0
1372,10000000049,صندوق سرمایه گذاری اختصاصی بازارگردانی حکمت ایرانیان,0.0
1373,14003705256,حامی کشت ایرانیان,0.0
1374,14009899718,سرمایه گذاری پولادی آرین ساخت,0.0
1375,14010077465,توزیع آهن آلات آرین فراز,0.0
1376,14006850320,سرمایه گذاری توسعه فناوری هیرکانیا,0.0
1377,10000000100,صندوق سرمايه گذاري آواي فرداي زاگرس,0.0
1378,10104025434,بازرگانی همراه عرشیا پارسیان,0.0
1379,10103616471,صنعتی و معدنی توسعه فراگیر سناباد,0.0
1380,10102303353,لیزینگ و رفاه فرهنگیان,0.0
1381,10102602594,اقتصاد و رفاه فرهنگیان,0.0
1382,10320830765,مدیریت فرآیندهای نیروگاهی ایرانیان,0.0
1383,10102462599,تامین مسکن فرهنگیان,0.0
1384,14000180006,مادر تخصصي عمران بهسازی شهری ایران,0.0
1385,10320719850,سرمایه گذاری پایا تدبیر پارسا,0.0
1386,10320814789,صندوق سرمایه گذاری فیروزه موفقیت,0.0
1387,10000000069,FIN Turquoise Partners Limited,0.0
1388,14005291651,پیوند تجارت آتیه ایرانیان,0.0
1389,10101328119,سرمایه گذاری صنایع برق و آب صبا,0.0
1390,10000000044,صندوق سرمایه گذاری اختصاصی بازارگردانی مپنا ایرانیان,0.0
1391,10260012955,خیریه علی و حسین همدانیان,0.0
1392,10260089685,توسعه و احداث همدانیان اصفهان,0.0
1393,10320526636,تدبیر سرمایه آراد,0.0
1394,10861558500,سپهر کیش ایرانیان,0.0
1395,10861673173,سازمان گسترش ونوسازي صنايع ايران,0.0
1396,10320671100,سرمایه گذاری و توسعه راهبردی راز,0.0
1397,10103799078,ترنیان سهم,0.0
1398,10104045467,آرمان اندیشان رستاک,0.0
1399,10100830184,بانک کشاورزی,0.0
1400,10100738113,تعاونی اتحادیه مرکزی تعاونی های روستایی و کشاورزی ایران,0.0
1401,10460055409,سرمایه گذاری صنعت و معدن اعتماد ایرانیان,0.0
1402,10460122071,گروه صنعتی و معدنی زرین خاورمیانه,0.0
1403,14007659701,آروین تجارت ثمین,0.0
1404,10103932043,بازرگانی جمیلی,0.0
1405,10320793623,جامد سازان آرمان,0.0
1406,10103479975,طرح سازه تنیان,0.0
1407,10320141538,سرمایه گذاری الوند,0.0
1408,10320402578,تجارت بین المللی دل عالم ایرانیان,0.0
1409,10320408934,توسعه تجارت الکترونیک تنیان,0.0
1410,10103931095,فراز عمران آریانا,0.0
1411,10320745962,سینا سروش اریکه,0.0
1412,10320832431,توسعه انرژی شمال و جنوب,0.0
1413,14004294152,جاوید گستر رازیان,0.0
1414,14006374997,آرمان سازه آرارات,0.0
1415,10861525594,ملی انفورماتیک,0.0
1416,10103150020,صبا تامین پارسیان,0.0
1417,14004756202,صندوق سرمايه گذاری اعتماد آفرين پارسيان,0.0
1418,10320198960,سرمایه گذاری مدیریت توسعه سرمایه گروه پتروشیمی ایرانیان,0.0
1419,14008409034,ایلیا سرمایه پیشرو,0.0
1420,10103399243,توسعه نوآوران آپادانا,0.0
1421,14009661110,توسعه صنعتی میر شاد فام,0.0
1422,10101699066,پرنیان مهیار,0.0
1423,10000000045,صندوق سرمایه گذاری اختصاصی بازارگردانی میزان داریک,0.0
1424,10103032293,غایت نگر,0.0
1425,10100733459,توسعه سرمایه گذاری کامیار,0.0
1426,14005902183,راهبرد کسب و کار بیژه,0.0
1427,10101203288,تولیدی و صنعتی گوهر فام,0.0
1428,10101236358,گسترش پایا صنعت سینا,0.0
1429,10103259194,نوآوران مدیریت سبا,0.0
1430,14008362744,آکام فناوری بردیس,0.0
1431,10100205339,ایران و شرق,0.0
1432,14008942971,گروه مالي و گسترش ايساتيس پويا,0.0
1433,10840075635,مهندسی ایساتیس پویای ایرانیان,0.0
1434,14010449800,نیکو خوب روشنای کویر برتر,0.0
1435,10840446034,سرمایه گذاری سفیران بهار یزد,0.0
1436,14009505898,کارگزاری رسمی بیمه مستقیم برخط ایساتیس پویا,0.0
1437,10320637049,فاتح گستران پیشرو سبلان,0.0
1438,10103195710,مدیریت سرمایه گذاری ملی ایران,0.0
1439,14005807616,فن آوران تجارت صنعت سروش,0.0
1440,10380073205,سرمایه گذاری تبار ثامن,0.0
1441,10480055192,فراسازان سمنان,0.0
1442,10102126747,سرمایه گذاری صبا جهاد,0.0
1443,10380015822,کشاورزی برکت جوین,0.0
1444,10000000025,صندوق سرمایه گذاری اختصاصی بازارگردانی نیکان,0.0
1445,10101282815,ارزش آفرینان سرمایه,0.0
1446,10103353157,مدیریت تالار ایرانیان,0.0
1447,14005693186,سیوان گستر مهر کیش,0.0
1448,10102825789,توسعه گسترش آزمایش,0.0
1449,10100412177,توسعه و گسترش صنایع بسته بندی فلزی پارس,0.0
1450,10102573310,پترو شمیران,0.0
1451,10320056112,مسکن کارکنان پتروشیمی جم,0.0
1452,14009016395,گروه هتلهای بین المللی ماهان,0.0
1453,14005946717,بین المللی پارس تجارت منطقه آزاد چابهار,0.0
1454,10320204222,البرز شیمی رازی,0.0
1455,10320200350,جهان شیمی آریا,0.0
1456,10320231910,سرمایه گذاری بین المللی کیوان تجارت دارو,0.0
1457,10320215061,البرز آریا رازی,0.0
1458,10103691644,بین المللی جهان تیراژه پارسیان,0.0
1459,10103694307,بین المللی گروه غذایی جهان ناز پاسارگاد,0.0
1460,10320232317,سرمایه گذاری بین المللی البرز تجارت رازی,0.0
1461,10103522880,دنیای شیمی پلیمر,0.0
1462,10102264112,تولیدی آرین ماهتاب گستر,0.0
1463,10102791698,توسعه و مدیریت انرژی پارسیان,0.0
1464,10103597356,گسترش انرژی پاسارگاد,0.0
1465,10103208093,آفرنگان کابل,0.0
1466,10000000068,FIN SANIL ELECTRIC CO.LTD,0.0
1467,10100786585,سیمکو,0.0
1468,10320498462,سرمایه گذاری اهتمام ایرانیان,0.0
1469,14009203314,شركت ارزش آفرين اهتمام پارس,0.0
1470,14007079565,پارس طبیعت سلولز,0.0
1471,10000000021,صندوق سرمایه گذاری اختصاصی بازارگردانی الگوریتم سرآمد بازار,0.0
1472,10000000103,صندوق سرمايه گذاري سپر سرمايه بيدار,0.0
1473,10103001212,گروه مالی کار آفرین,0.0
1474,10101331160,تضمین شرکتهای ساختمانی,0.0
1475,10101109629,مهندسی وساختمانی جهانپارس,0.0
1476,10260456019,سرمایه گذاری آتیه تکادو,0.0
1477,10000000091,شهرداري آباده,0.0
1478,10320642091,سپهر کابل ایرانیان,0.0
1479,10101441180,کارگزاری بانک تجارت,0.0
1480,10101443196,کارگزاری بانک ملت,0.0
1481,10101477535,کارگزاری بانک رفاه کارگران,0.0
1482,10102744835,کارگزاری حافظ,0.0
1483,10101637899,کارگزاری توسعه فردا,0.0
1484,10101402790,کارگزاری بانک مسکن,0.0
1485,10780103032,کارگزاری بانک پاسارگاد,0.0
1486,10101756777,کارگزاری تأمین سرمایه تمدن,0.0
1487,10102730837,کارگزاری بانک اقتصادنوین,0.0
1488,10861464012,کارگزاری تدبیرگران فردا,0.0
1489,10102894756,کارگزاری سرمایه گذاری ملی ایران,0.0
1490,10200019029,تعاونی مصرف کارگران خاک چینی و مشاغل آزاد تامین اجتماعی مرند پنج هزار و بیست و پنج,0.0
1491,10101012504,سرمایه گذاری توسعه صنعت کوثر صبا,0.0
1492,10100416998,خیریه رحیمیان,0.0
1493,10861593478,پارس فنر,0.0
1494,10103196730,فنر کاوه ایرانیان,0.0
1495,14006345046,کیهان فنر کاوه,0.0
1496,10103817568,همایش آفرینان جاوید,0.0
1497,10000000058,صندوق سرمایه گذاری اختصاصی بازارگردانی توسعه معادن و فلزات آرمان,0.0
1498,10100624195,فرهنگی پیام آزادگان,0.0
1499,10102509615,خدمات مالی و مدیریت معین آزادگان,0.0
1500,10103405488,سرمایه گستر آریا,0.0
1501,10103089123,سرمایه گذاری آداک پرسو,0.0
1502,10102867151,سرمایه گذاری تدبیرگران آتیه ایرانیان,0.0
1503,10000000061,صندوق سرمایه گذاری اختصاصی بازارگردانی کیان,0.0
1504,10102080134,تجهیزات پزشکی و دارویی پورا طب,0.0
1505,14005636557,سرمایه گذاری دارویی پورا دارو ایرانیان,0.0
1506,10101551974,کرمان موتور,0.0
1507,10630022080,صنایع خودرو سازی کرمان,0.0
1508,10102407465,خودروسازان بم,0.0
1509,10320822169,صندوق سرمايه گذاري ثروت آفرين تمدن,0.0
1510,10103511827,گروه سرمایه گذاری کارکنان سایپا,0.0
1511,14009624928,فراست سرمایه کیا,0.0
1512,10102610506,سرمایه گذاری تحلیل گران وکارافرینان تکسان,0.0
1513,10100167010,صندوق حمایت و بازنشستگی آینده ساز,0.0
1514,10260303984,صنایع بسته بندی ایران,0.0
1515,10100583123,مؤسسه توسعه کسب و کار رویش کوثر,0.0
1516,10103454437,سرمایه گذاری پاک اندیشان امین,0.0
1517,14005281735,صندوق سرمايه گذاري با درآمد ثابت كوثر يكم,0.0
1518,10101365114,مؤسسه بنیاد تعاون بسیج,0.0
1519,14003309503,سازمان تامين اجتماعي نيروهاي مسلح,0.0
1520,10104075382,نگین گنجینه ایرانیان,0.0
1521,10103258404,ایرکا پارت پویا,0.0
1522,10320516608,گسترش صنایع بسته بندی کوروش,0.0
1523,10103645888,پترو فرهنگ,0.0
1524,14008285598,رادین سرمایه فرتاک,0.0
1525,10460103584,مهندسی و تحقیقاتی فلزات غیر آهنی,0.0
1526,10460069766,بازرگانی توسعه صنعت روی,0.0
1527,10460086290,معدنکاران انگوران,0.0
1528,10100709826,مادر تخصصي بازرگاني دولتي ايران,0.0
1529,14008137440,واسط مالی بهمن چهارم,0.0
1530,10861500586,مجتمع ذوب و احیاء روی قشم,0.0
1531,10101592082,فراسر,0.0
1532,14004651370,گروه مدیریت صنعت خرده فروشی کوروش,0.0
1533,14008040915,سرمایه گذاری توسعه صنایع پایدار,0.0
1534,14003703180,کیان الماس مهر,0.0
1535,14009065460,راهبران سرمایه کویر,0.0
1536,14006791590,صندوق سرمايه گذاری اعتماد كارگزاری بانك ملی ايران,0.0
1537,14005561695,سرمایه گذاران ارزش آفرین کیان,0.0
1538,14005639619,همکاران ارزش آفرین کیان,0.0
1539,10460018724,بنیاد علم و فناوری جمیلی,0.0
1540,10460107710,بين المللي تحقيقات صنعت ومعدن آيرما,0.0
1541,10000000085,توليد و توسعه سرب ايرانيان,0.0
1542,10100706880,تولیدی پلی اوره تان ایران,0.0
1543,10320851649,صندوق سرمایه گذاری مشترک کوثر,0.0
1544,14007062530,اختصاصی بازارگردانی نماد صنعت و معدن,0.0
1545,10102676319,سرمایه گذاری صنعتی توسعه سبز گلستان,0.0
1546,10260479652,کارگزاری بهین پویا,0.0
1547,10000000083,شركت تعاوني كيمياگر سديد پارسی,0.0
1548,10101336071,تولیدی موتور گیربکس واکسل سایپا,0.0
1549,10101914537,خاص کارکنان ایران خودرو,0.0
1550,14009174929,مؤسسه تامین آتیه امید کارآفرین,0.0
1551,10240089809,کارگزاری بانک کارآفرین,0.0
1552,10104079688,تجارت بین الملل میلاد پارس زیگورات,0.0
1553,10104079348,تجارت بین الملل میلاد آریا زیگورات,0.0
1554,10104064976,توسعه مجتمع های خدماتی رفاهی پارس زیگورات,0.0
1555,10100601710,موسسه رفاه و تأمین آتیه کارکنان بانک سپه,0.0
1556,10101233336,چاپ و نشر سپه,0.0
1557,10320432533,تولیدی شهر فرش ایرانیان,0.0
1558,10101426793,سرمایه گذاری سدید تدبیر,0.0
1559,14004175980,مشترک صنعت و معدن,0.0
1560,10000000022,صندوق سرمایه گذاری اختصاصی بازارگردانی آوای فراز,0.0
1561,10101393169,صادرفر,0.0
1562,10103273470,سرمایه گذاری تدبیر فرهنگیان,0.0
1563,10103679165,سرمایه گذاری سرمایه گستر سهند,0.0
1564,10103679184,سرمایه گذاری بازرگانی تدبیرگران اطلس,0.0
1565,10103243137,مبنای خاورمیانه,0.0
1566,10103415050,راهبرد سرمایه ایرانیان,0.0
1567,14004210868,اندیشه تجارت سروش سهند,0.0
1568,10102351578,پویااندیشان مهر,0.0
1569,10320856800,ساختمان پوشش تامین آتیه,0.0
1570,10320836036,سامان تجارت تدبیر ایرانیان,0.0
1571,14004426841,نو اندیش توسعه متین,0.0
1572,10320835964,آینده نگر توسعه خاورمیانه,0.0
1573,10860718950,خدمات بندری پلی اکریل ماهشهر,0.0
1574,10260280831,بازرگانی پلی اکریل اصفهان,0.0
1575,10100820988,طراحی مهندسی و تامین قطعات ایران خودرو,0.0
1576,10102683475,سرمایه گذاری توسعه اعتماد,0.0
1577,14010338091,مؤسسه ماهان صحت ایرانیان,0.0
1578,10320399467,سرمایه گذاری سیمای توسعه کار,0.0
1579,14008639940,گروه معدنی میعاد نگین ابرار,0.0
1580,14006314358,ثروت آفرینان آرمان,0.0
1581,10320169986,امین اقتصاد ایرانیان,0.0
1582,10102255313,تولیدی و خدماتی تندر ماشین زرین,0.0
1583,10102278837,سرمایه گذاری دنیای آزاد پویا,0.0
1584,10102228160,توسعه صنعت فراگیر دنیا,0.0
1585,10102227797,سلامت جویان تهران,0.0
1586,10102229288,دارو تجارت سامان,0.0
1587,10102229503,دنیای سبز پرتو,0.0
1588,10104078410,توسعه اعتماد مبین,0.0
1589,14004751679,واسط مالی اسفند دوم,0.0
1590,10861678539,آسفالت طوس,0.0
1591,14007679369,تامین خدمات ساویس مایا,0.0
1592,10102839981,بازرگانی طرح و اندیشه آتیه,0.0
1593,10102486971,آتیه پگاه,0.0
1594,10260444635,مجتمع نگین معادن احیاء,0.0
1595,10860115128,تارابگین,0.0
1596,10103919380,پارس گستر مینو,0.0
1597,14011061967,توسعه کسب و کار فاخر,0.0
1598,14009155370,سرمایه تجارت ساتراس,0.0
1599,14009485470,مدرن تجارت اسپرلوس,0.0
1600,10102898857,سرمایه گذاری راستین ارزش سپهر,0.0
1601,10100905654,چاپ بانک ملت,0.0
1602,10100509097,ساختمان و خدمات نوساز,0.0
1603,10101150400,ساختمانی بانک ملت,0.0
1604,10103303665,طرح و اندیشه بهساز ملت,0.0
1605,10100711614,ساختمانی و شهرسازی واوان,0.0
1606,10000000079,پترو فرآوران اطلس,0.0
1607,10980192642,سرمایه گذاری راستین نوین کیش,0.0
1608,10980194380,کشتیرانی اقیانوس خروشان کیش,0.0
1609,10103875392,ذوب آهن آریان بویین زهرا,0.0
1610,10102240975,نورد آریان فولاد,0.0
1611,10102225611,دنیای فن آوران پویا,0.0
1612,10320723505,صندوق سرمایه گذاری بانک ایران زمین,0.0
1613,14007219634,مشاور سرمایه گذاری فراز ایده نوآفرین تک,0.0
1614,10980230751,صندوق پژوهش و فناوری غیر دولتی توسعه فناوری نانو,0.0
1615,14005130053,صندوق حمایت از سرمایه گذاری زیست فناوری,0.0
1616,14008582556,سرمایه گذاری اوان تهران,0.0
1617,10320863149,ره آورد آباد مسکن,0.0
1618,10000000086,سرمایه گذاری گروه مالي كيميا مس ايرانيان,0.0
1619,14008467969,واسط مالی آذر چهارم,0.0
1620,10102835234,سرمایه گذاری آتیه اندیشان مس,0.0
1621,10000000037,صندوق سرمایه گذاری اختصاصی بازارگردانی خبرگان اهداف,0.0
1622,10780071970,آلومینیوم تابنده اراک,0.0
1623,14007605986,هوشمند سرمایه پردیس,0.0
1624,14007606005,پیشران سرمایه پردیس,0.0
1625,10103884094,صدر معادن ایرانیان,0.0
1626,14004760805,کاوشگران بازار سرمایه,0.0
1627,10102819429,مهندسی ری نیرو,0.0
1628,14003721057,گروه اقتصاد مفید,0.0
1629,10103804104,گروه پتروشیمی تابان فردا,0.0
1630,10320665380,صندوق سرمایه گذاری گسترش فردای ایرانیان,0.0
1631,10320708990,تامین سرمایه سپهر,0.0
1632,14005317072,در اوراق بهادار با درآمد ثابت امید انصار,0.0
1633,10320593747,صندوق سرمایه گذاری تجربه ایرانیان,0.0
1634,10861528715,شین کیش,0.0
1635,14004515992,مجتمع صنعتی فولاد امیر خاورمیانه,0.0
1636,10380150330,مؤسسه خیریه بقیه الله الاعظم مشهد,0.0
1637,10100179682,تعمیرات نیروگاهی ایران,0.0
1638,10000000097,صندوق سرمايه گذاري ارزش كاوان ايرانيان,0.0
1639,10380148980,سنجش سهام سیمان سبزوار,0.0
1640,14008019432,ثروت سازان آکام,0.0
1641,10102557105,خدمات آوا ژنگ,0.0
1642,14006249569,سرمایه گستر تمدن,0.0
1643,10420358245,گروه توسعه فراگیر فولاد خوزستان,0.0
1644,10260641236,سفیر تجارت اسپادانا,0.0
1645,10380390272,سرمایه گذاری شهرسازان دشت طوس,0.0
1646,10380358710,سرمایه گذاری توسعه صنعت ومعدن خراسان,0.0
1647,10380237237,جهاد تعاون استان خراسان,0.0
1648,10320902297,تدبیر بین الملل فرتاک,0.0
1649,14007853407,توسعه سرمایه الوند,0.0
1650,10101662558,سرمایه گذاری ساختمان گروه صنایع بهشهر تهران,0.0
1651,10860308036,مدیریت صنعت قندتوسعه صنایع بهشهر,0.0
1652,10103382563,سرآمد صنایع بهشهر,0.0
1653,10320841718,سرمایه گذاری مشترک یکم ایرانیان,0.0
1654,10320791830,صندوق سرمایه گذاری مشترک آتیه نوین,0.0
1655,14004374280,توسعه صنعت وعمران تبرک خاورمیانه,0.0
1656,10630177497,صنایع تبدیلی و فرآوری کوشکین مهر کرمان,0.0
1657,10630171508,مهندسی مشاور پونل ماهان کرمان,0.0
1658,14007860090,پیشگامان توسعه رادمان پارسیان,0.0
1659,14009836148,ماهان خودرو راد سیر,0.0
1660,10000000078,سازمان نظام مهندسي ساختمان كشور شوراي مركزي,0.0
1661,14008973412,سازمان نظام مهندسی ساختمان استان فارس,0.0
1662,14005432069,تلاش گستران آینده,0.0
1663,10320169080,سرکلند پارس,0.0
1664,10101219313,تولیدی زنجان برنز,0.0
1665,14000188246,اداره کل اوقاف و امور خیریه استان فارس,0.0
1666,10100747423,چاپ ونشر کتابهای درسی ایران,0.0
1667,14004005812,سرمایه گذاری راهیان سهام,0.0
1668,10000000107,صندوق سرمايه گذاري گنجينه اميد ايرانيان,0.0
1669,10320673174,گنجینه زرین شهر,0.0
1670,10320182138,تعاونی سهام عدالت شهرستان تهران شماره سه,0.0
1671,10100253116,شاهد,0.0
1672,10780056070,سرمایه گذاری سعدی,0.0
1673,10320483104,مدبران پیش کسوت همراز,0.0
1674,10320315851,آماد انرژی دژ,0.0
1675,10101788787,توسعه مدیریت سرمایه خوارزمی,0.0
1676,14003520243,سرمایه گذاری مدیریت ثروت پایتخت,0.0
1677,10320878264,ایمن مسکن پایدار,0.0
1678,10103120430,توسعه تجارت اندیشه نگر پاسارگاد,0.0
1679,10103627783,مدیریت ساختمانی آریان پاسارگاد,0.0
1680,10320887629,میراث راستین پارس,0.0
1681,14008860763,واسط مالی اردیبهشت پنجم,0.0
1682,14003625415,واسط مالی مرداد یکم,0.0
1683,14009763157,گروه اقتصادی ماکان,0.0
1684,10100399154,ساختمانی ماهدشت,0.0
1685,10380444873,گروه سرمایه گذاری اقتصادی وتحقیقاتی انبوه سازان هشتم,0.0
1686,10103924207,مهد امید آرین,0.0
1687,10530430583,پتروشیمی فیروز آباد,0.0
1688,14009062696,مدبران توسعه و رشد پارس,0.0
1689,10260610928,تجارت آذین نقش جهان,0.0
1690,14006294704,توسعه پیشرو رفاه پردیس,0.0
1691,10320860716,آوای پردیس سلامت,0.0
1692,10860723760,پتروشیمی بندرامام,0.0
1693,14004358650,عمران سرمایه آیریک خزر,0.0
1694,10500065016,سرمايه گذاري اعتماد بلوچستان,0.0
1695,10320823592,تولید نیروی مرکزی صبا,0.0
1696,14003100633,عمران عرش پرسا,0.0
1697,14004471080,مهندسین مشاور خاک و پی آراز تبریز,0.0
1698,10200001830,سوت ایچ تبریز,0.0
1699,10100381440,پدم,0.0
1700,10100606470,تلمبه ایران,0.0
1701,10460070154,راهبران آب شرب ایران,0.0
1702,10320582950,واسط مالی اردیبهشت,0.0
1703,10101990622,صنعتی نوید زر شیمی,0.0
1704,10320492982,واسط مالی بهمن,0.0
1705,10101336340,مدیریت توسعه صنایع پتروشیمی,0.0
1706,10101615714,هتلهای بین المللی پارسیان,0.0
1707,10102989222,سرمایه گذاری ساختمانی اعتماد گستر,0.0
1708,10100385838,صنایع ملی پتروشیمی,0.0
1709,10320709666,واسط مالی دی,0.0
1710,14006400789,واسط مالی تیر سوم,0.0
1711,14007603931,واسط مالی تیر چهارم,0.0
1712,10103204938,شادان شهر باختر,0.0
1713,14007561565,مؤسسه بنیاد دینی فرهنگی خدماتی صدوق بزرگ,0.0
1714,10840060581,سامان یزد,0.0
1715,10100362515,کارخانجات تولیدی بهمن,0.0
1716,10103194757,گروه انرژی مهستان,0.0
1717,14009386500,صندوق سرمايه گذاري پالايشي يكم,0.0
1718,10260422940,الیاف زاینده رود,0.0
1719,10780042295,شركت توليدی صنعتی و شيميايی رنگ آور,0.0
1720,10101766923,مهندسی سیستم یاس ارغوانی,0.0
1721,10102482959,مهندسی نرم افزارشقایق,0.0
1722,10861505669,بهداشتی آرایشی باشو قشم,0.0
1723,10380500105,مؤسسه پشتیبانی سهام پدیده شاندیز,0.0
1724,10101895810,تولیدی صنعتی عقاب افشان,0.0
1725,10103592328,سات شید سپهر,0.0
1726,14010659525,تجارت کالا رابین,0.0
1727,14010419752,مجتمع آهن و فولاد الماس آرتاویل,0.0
1728,14008923969,گروه ثروت سازان جوان پارس,0.0
1729,10320729135,گسترش صنایع و معادن ماهان,0.0
1730,10103042946,توسعه الوند خاورمیانه,0.0
1731,10630114805,سوله سازان حدید کاران کرمان,0.0
1732,10102383383,بین المللی تجارت الوند,0.0
1733,10320594427,گروه گسترش سرمایه گذاری بین المللی ارزش,0.0
1734,10861007162,شهرکهای صنعتی پارس گستر نیزار,0.0
1735,10102897991,ماد کوش,0.0
1736,14007748016,توسعه زیرساخت فن آوری های نوین ارزش,0.0
1737,10100372524,موسسه بنیاد خیریه و نیکوکاری مرحوم محمد رفیع حسین معرفی,0.0
1738,14008534249,مهندسی ساخت و نصب پارس کارن کار,0.0
1739,10320812700,آینده سازان رفاه پردیس,0.0
1740,10820067317,سرمایه گذاری استان همدان,0.0
1741,10800109269,سرمایه گذاری استان هرمزگان,0.0
1742,10610088420,سرمایه گذاری استان کردستان,0.0
1743,10103807145,فناوری اطلاعات و ارتباطات پاسارگاد آریان,0.0
1744,10320852329,کاشفان نو اندیش پارس,0.0
1745,10861394189,تابان کیش,0.0
1746,10861504332,کاوندگان قشم,0.0
1747,10861394307,فرا اندیشان نیک فرجام قشم,0.0
1748,10861394252,کاوان کیش,0.0
1749,10102443928,گروه صنعتی شیمی پوشینه,0.0
1750,14007161399,صنعت مروارید ارم,0.0
1751,10980026707,میثاق رزم آوران,0.0
1752,10861423349,زمرد بنای قزوین,0.0
1753,10862034080,مسکن فولاد البرز تاکستان,0.0
1754,14000118166,سازمان همیاری شهرداریهای استان قزوین,0.0
1755,10101505407,خدمات وتدارکات رهام تهران,0.0
1756,10000000056,صندوق سرمایه گذاری اختصاصی بازارگردانی اتحاد بازار سرمایه,0.0
1757,10380315290,بازتاب سهام توس,0.0
1758,10102923992,سپهر نوید آفرین,0.0
1759,14000167358,شهرداري اهواز,0.0
1760,10103862678,سازمان ملی زمین و مسکن,0.0
1761,10320323630,آتیه فروز سبحان,0.0
1762,14002706057,شهرداري اردبيل,0.0
1763,10320131299,تولیدی توزیعی سرمایه گذاران مهر اندیشان رفاه,0.0
1764,10103138768,کیا مهستان,0.0
1765,10200048868,تولید موتورهای دیزل ایران,0.0
1766,10102276328,بازرگانی سروش بهمن,0.0
1767,10102699874,سرمایه گذاری پویا همگام,0.0
1768,10380278300,پویا گستر خراسان,0.0
1769,10100189989,کار و تأمین,0.0
1770,10861666950,سرمایه گذاری خانه سازی ایران,0.0
1771,10102345660,رفاه و گردشگری تامین,0.0
1772,10101775376,رفاه گستر تامین اجتماعی,0.0
1773,14005104429,میلاد سلامت تامین اجتماعی,0.0
1774,10100357802,مؤسسه املاک ومستغلات تامین اجتماعی,0.0
1775,14002207985,بانک مرکزی جمهوری اسلامی ایران,0.0
1776,10100544392,فرهنگی و هنری آهنگ آتیه,0.0
1777,10101336280,مشاور مدیریت وخدمات ماشینی تامین,0.0
1778,14009351102,واسط مالی شهریور پنجم,0.0
1779,10380357173,ایمان تجارت روشن,0.0
1780,10101788578,پایاپای ملی,0.0
1781,10000000087,سرمايه گذاری خانه های بهتر شرق,0.0
1782,10103804463,گسترش سرمایه گذاری تک تار,0.0
1783,10103680463,آرمان فارمد دارو,0.0
1784,10103501155,صنایع غذایی سپاکو ایرانیان,0.0
1785,10000000098,صندوق سرمايه گذاري افرا نماد پايدار,0.0
1786,10320896530,صندوق سرمایه گذاری مشترک اندیشه فردا,0.0
1787,14007243193,صندوق سرمايه گذاري دوم اكسير فارابي,0.0
1788,10101852098,سرمایه گذاری وتوسعه صنعتی نیوان ابتکار,0.0
1789,10320320224,توسعه طلوع تجارت خلیج فارس,0.0
1790,10380513725,راهبر سیر سمنگان,0.0
1791,10000000047,صندوق سرمایه گذاری اختصاصی بازارگردانی یکم هامرز,0.0
1792,14005459902,پاداش سرمایه بهگزین,0.0
1793,10000000062,صندوق سرمایه گذاری اختصاصی بازارگردانی تثبیت پاداش,0.0
1794,14008765630,مبین صنعت هرمس,0.0
1795,10100350031,صندوق پس انداز کارکنان رسمی راه آهن جمهوری اسلامی,0.0
1796,10320553884,شركت آدورا مشاور,0.0
1797,10320605311,توسعه صدر مداین,0.0
1798,10320410849,پیشگامان توسعه تجارت البرز,0.0
1799,10103916618,مسکن سازان بهشت پویا,0.0
1800,10104038693,اشراق ایمن مهرگان,0.0
1801,10103688169,باغ شهر گستر ایرانیان,0.0
1802,10103548660,مبین سازه بتن,0.0
1803,10103098243,سرمایه گذاری سیمان اسپندار,0.0
1804,14004762660,تجارت شخص به شخص ایرانیان,0.0
1805,14005366129,صندوق سرمايه گذاري توسعه تعاون صبا,0.0
1806,10100941186,بازرگانی مبارکه,0.0
1807,10860094545,سرمایه گذاری پویش صالحین,0.0
1808,10630000133,بنیاد خیریه فرهنگی و تربیتی حاج علی اکبر صنعتی,0.0
1809,10100193272,موسسه بنیاد نیکوکاری سرور,0.0
1810,10103143373,خدمات گستر صبا انرژی,0.0
1811,10630108711,مهندسی و ساخت فرآوری صنایع غیر آهنی مفرغ ساز,0.0
1812,14005432147,توسعه صنعتی آرین,0.0
1813,14006600422,پاک انرژی نیکو گستر,0.0
1814,10320430282,توسعه تجارت داتام,0.0
1815,10320285935,بازرگانی تدارکات کارآمد پویا ابریشم,0.0
1816,10102550662,صافولا بهشهر,0.0
1817,10320814677,آینده سازان صنعت سیمان,0.0
1818,10101172069,پالایش قطران ذغال سنگ,0.0
1819,10102976337,ذوب ونورد چهل ستون سپاهان,0.0
1820,10103748245,ستاره سفیران آینده,0.0
1821,10101835127,واسپاری توسعه گستر برنا,0.0
1822,10320396348,تجارت الکترونیک خودرو تابان تاخت,0.0
1823,14010295408,سرمایه گذاری رستا زر,0.0
1824,10320225864,سرمایه گذاری دستاورد دی,0.0
1825,10103045588,شهریار مهستان,0.0
1826,10320364323,مهندسی پترو تدبیر پارس,0.0
1827,10103177805,سرمایه گذاری نور همدانیان,0.0
1828,10460062945,توسعه فن آوری روی گستران زنجان,0.0
1829,10000000110,موقوفه حاج عباس جابر انصاري,0.0
1830,10103804140,سرمایه گذاری تابان فردا,0.0
1831,14006475770,بنيادمسكن انقلاب اسلامي استان اصفهان,0.0
1832,14010649894,ارزش گستران رهام,0.0
1833,10530199921,گچ ماشینی فارس,0.0
1834,10102561216,سرمایه گذاری گروه مالی ایرانیان,0.0
1835,10980180933,پایا پیشداد کیش,0.0
1836,10530182823,سرمایه گذاری صنایع شیمیایی امید فارس,0.0
1837,10000000108,صندوق سرمايه گذاري سهامي سپند كاريزما,0.0
1838,10101573158,مهندسی همپا,0.0
1839,10861487409,یزدباف,0.0
1840,10861133437,تولیدی خدماتی همکار شیشه غرب,0.0
1841,10320168795,صندوق رفاه و تامین آتیه کارکنان پست بانک,0.0
1842,10320264536,پیشگامان بازرگانی ستاره تابان,0.0
1843,10320208114,تجارت الکترونیک خودرو تابان,0.0
1844,14003755380,واسط مالی اردیبهشت دوم,0.0
1845,10102385273,توسعه ارتباطات هما,0.0
1846,10320846497,گروه اقتصادی عمران توسعه استان هرمزگان,0.0
1847,10103444354,بازسازی کوثر نبوت,0.0
1848,10861528618,اعتبار صنایع کیش,0.0
1849,10200042463,دامپروری آذربایجان خاوری,0.0
1850,10861896826,پرورش مرغ تخمگذار آذربايجان خاوری,0.0
1851,10104034520,سیاحتی و مراکز تفریحی پارسیان,0.0
1852,10102424419,خدماتی پشتیبانی مهرهفتاد وهشت,0.0
1853,10100272401,صنعتی مقوا سازی شرق,0.0
1854,10102605183,پشتیبان ایجاد ساختمان,0.0
1855,10103236612,سرمایه گذاری ایران,0.0
1856,10103837776,سرمایه گذاری مهر,0.0
1857,10320689535,مدیریت ارزش آفرینان آویژه,0.0
1858,10260318565,ایثار اصفهان,0.0
1859,10100548970,صنعتی تولیدی سپنتا پلیمر,0.0
1860,10103208872,فرهنگی بهروزان نور,0.0
1861,10100544831,بنیاد فرهنگی شاهچراغ,0.0
1862,10220100844,سیمان کاوان بوکان,0.0
1863,10103442236,سرمایه گذاری عمران پارس آینده,0.0
1864,14007596544,فراز باتری نوین پارسیان,0.0
1865,14003802361,صندوق سرمایه گذاری سهم آشنا,0.0
1866,10861527826,رویال صدف کیش,0.0
1867,10102802014,سرمایه گذاری صدر آرین,0.0
1868,14004552979,رفاه اندیش سرمایه انسانی صنعت و معدن,0.0
1869,10380145666,تولیدی حسنانو,0.0
1870,14009250859,کارآفرینان ره پویان ایرانیان,0.0
1871,14000286084,سازمان بهزیستی کشور,0.0
1872,10700150184,آکام ناژ سانلی,0.0
1873,10700107209,بازرگانی کام یاب کام گلستان,0.0
1874,10700115430,سرمایه گذاری توسعه صادرات استان گلستان,0.0
1875,10320581546,مدیریت سرمایه گذاری آینده نگر دانا,0.0
1876,14007638769,گروه مدیریت اقتصاد پاسارگاد,0.0
1877,10000000066,FIN Gif Spc,0.0
1878,10101865990,سرمایه گذاری ساختمانی عظام,0.0
1879,10102774902,مدیریت سرمایه افزابین الملل,0.0
1880,14005895366,فاطر مبین ایرانیان,0.0
1881,14009409901,گسترش سرمایه و تجارت سایا رابین,0.0
1882,14007928383,خورشید سان,0.0
1883,10103757175,توسعه ساختمانی سلین,0.0
1884,10104021538,بانک توسعه تعاون,0.0
1885,14005319021,سلوی درمان لوتوس,0.0
1886,14003803134,ارزیاب سرمایه توس,0.0
1887,10320384907,تعاونی خدمات رفاهی کارکنان بانک توسعه تعاون,0.0
1888,10320639093,فراز انرژی دنا,0.0
1889,10102135979,خدمات دریایی و کشتیرانی خط دریا بندر,0.0
1890,10103968382,سرمایه گذاری هواپیمایی آتا,0.0
1891,10200402840,فرهنگی ورزشی اقتصادی تراکتور,0.0
1892,14004500917,مشگین فولاد سبلان,0.0
1893,10200391181,خدمات زميني فرودگاهي آرمان تبريز,0.0
1894,10103971420,توسعه مهر آتا,0.0
1895,10200425141,راه گشا تجارت آذربایجان,0.0
1896,10103971469,اطلس جامه آتا,0.0
1897,14009678962,صنایع آهک سهند آذران,0.0
1898,10860395072,سیستم های نوین داده پردازی دریک,0.0
1899,10200185933,گروه صنعتی در پاد تبریز,0.0
1900,10103463709,گروه صنعتی آذر خودرو شمال غرب,0.0
1901,10101306992,معدنجو,0.0
1902,14003127610,ستاد اجرایی فرمان حضرت امام ره,0.0
1903,14003433639,پی آی تی کیش,0.0
1904,10861151356,تجارت و اسکان احیاء سپاهان,0.0
1905,10100751306,تعاونی تهیه و توزیع فروشندگان آهن آلات تهران,0.0
1906,10200054704,فولاد آذربایجان,0.0
1907,10860449124,فولاد تاراز چهارمحال,0.0
1908,10260151716,تعاونی مصرف کارکنان ذوب آهن,0.0
1909,10100447804,توسعه کشت دانه های روغنی,0.0
1910,10000000084,تعاونی تهيه و توزيع آهن آلات واحد مركز,0.0
1911,10340080310,فولاد زاگرس چهارمحال,0.0
1912,10101268484,خدمات عمومی فولاد ایران,0.0
1913,10860179853,مجتمع صنایع قایم رضا,0.0
1914,10101627398,پردیس متحد,0.0
1915,10260355332,بازرگانی تیام صفه,0.0
1916,10101302100,فولاد متیل,0.0
1917,10000000082,شركت تعاوني اتحاديه كشاورزي دامداران ايران,0.0
1918,10320753931,تولید و توسعه پویا انرژی نگین سبز خاورمیانه,0.0
1919,10102522958,شركت بازرگاني توسعه نيشكر و صنايع جانبي,0.0
1920,14007770747,آوین سرام البرز مهر,0.0
1921,10103352249,تعاونی امداد کار ایرانیان,0.0
1922,14002463772,بانک توسعه صادرات ایران,0.0
1923,10103477823,گروه راهبران اقتصادی آرمان,0.0
1924,10103547729,سرمایه گذاری شهرآتیه,0.0
1925,10320870588,مؤسسه غیر تجاری تامین آتیه و رفاه کارکنان بانک توسعه صادرات,0.0
1926,10320795207,صندوق سرمایه گذاری اوج ملت,0.0
1927,10320202668,تدبیرگران بهساز ملت,0.0
1928,10103408559,بین المللی عمران رضوی,0.0
1929,10320706055,گروه سرمایه گذاری و مدیریت مالی میلاد شهر,0.0
1930,10861932534,صنایع ایجاد رزمیاران,0.0
1931,14004682282,ره آورد تدبیر کیش,0.0
1932,10101864698,تولیدی کیمیای ایران,0.0
1933,10101820190,صنایع بسته بندی داروگر,0.0
1934,14003844513,صادق تجارت افلاکیان,0.0
1935,14003818931,آراد تجارت دریک,0.0
1936,10103034466,سرمایه گذاری پارس پلیکان فیروزه,0.0
1937,10000000070,FIN Turquoise Group Limited,0.0
1938,14005496298,گروه توسعه مالی فیروزه,0.0
1939,10000000072,FIN Turquoise Trading Limited,0.0
1940,10320353810,سرمایه گذاران فناوری تک وستا,0.0
1941,10320883965,تدبیرگران فناوری فردای ایرانیان,0.0
1942,14008362670,رسام فناوری پایا,0.0
1943,10000000104,صندوق سرمايه گذاري ثبات ويستا,0.0
1944,14007472112,تامين آتيه سرمايه انساني تك وستا,0.0
1945,14008362647,رامان فناوری آبادیس,0.0
1946,10103534170,پارس فولاد مبین,0.0
1947,10480118516,دانا فولاد سمنان,0.0
1948,10200419934,خودروسازان نامدار آذربایجان,0.0
1949,10100484721,مادر تخصصی مدیریت ساخت و تهیه کالای آب و برق ساتکاب,0.0
1950,10320136673,شركت آرمان توسعه مبين مهر سپهر,0.0
1951,10000000032,صندوق سرمایه گذاری اختصاصی بازارگردانی امین,0.0
1952,10102425044,بیمه توسعه,0.0
1953,10102266999,گروه طراحان کارنو,0.0
1954,10320313163,آپادانا پترو بازرگان,0.0
1955,10102263466,شركت بازرگاني تجارت نوين عالي,0.0
1956,10102397742,انبوه سازان خاورنوین,0.0
1957,14006009019,آراد ویرا مانی,0.0
1958,10101557780,کوشا پیشه,0.0
1959,10320623737,صندوق سرمایه گذاری مشترک مانا الگوریتم,0.0
1960,10102661270,سرمایه گذاری تابان نوین,0.0
1961,10380287702,تعاونی مولی الموحدین,0.0
1962,10103989631,فرزان تجارت پارمیس,0.0
1963,10102256692,صنایع غذایی شهدین گام,0.0
1964,14005809700,توسعه تجارت شهدین گام,0.0
1965,10100338462,مؤسسه خدمات علمی و آموزشی رزمندگان اسلام,0.0
1966,10101275735,حمل ونقل داخلي و بين المللي جوان سير ايثار,0.0
1967,10101575295,نوآوران موج,0.0
1968,10100337442,مؤسسه مسکن و عمران اجتماعی بسیج,0.0
1969,10100056933,بنیاد علوی,0.0
1970,14005129631,اختصاصی بازارگردانی بانک سینا,0.0
1971,10103462615,توسعه سینا,0.0
1972,10320823609,ره نگار خاورمیانه پارس,0.0
1973,14009061015,مهرسا شایان آریا,0.0
1974,10000000023,صندوق سرمایه گذاری اختصاصی بازارگردانی ثروت پویا,0.0
1975,10260510013,جهان روکش اسپادانا,0.0
1976,10000000090,یوتاب کیش,0.0
1977,10000000089,نوید بخش کیش,0.0
1978,10320403978,سنجش امید آینده,0.0
1979,10102484440,تعاونی اعتبارکارکنان گروه صنعتی ایران خودرو,0.0
1980,10320884037,شركت پيشگامان عمران و توسعه استان البرز,0.0
1981,10000000080,پيشگامان عمران و توسعه استان قم,0.0
1982,10320894601,پيشگامان توسعه و عمران استان سمنان,0.0
1983,10320891081,شركت پيشگامان عمران و توسعه استان قزوين,0.0
1984,10320400450,توسعه صنعت ساختمانی عمران خاورمیانه,0.0
1985,10103112960,فرو آلیاژ گنوسهامی خاص,0.0
1986,10102681999,سرمایه گذاری گنجینه شایستگان,0.0
1987,10861529034,ارتباطاتی ضحی کیش,0.0
1988,10320745749,همکاران راهپویان همتا,0.0
1989,14003131788,آتیه کیان کیش,0.0
1990,10000000076,پذيره نويسي شركت تامين سرمايه كيميا,0.0
1991,10101201647,ایران توسعه,0.0
1992,10101237758,سازمان راهداري وحمل ونقل جاده اي,0.0
1993,10862068926,سرمایه گذاری سبو قشم,0.0
1994,10100426424,ملی گاز ایران,0.0
1995,10102916359,گروه سرمایه گذاری امیر,0.0
1996,10100504584,تولید انتقال و توزیع نیروی برق ایران,0.0
1997,10860808290,نصب تعمیر و نگهداری نیروگاه های برق آبی خوزستان,0.0
1998,10860740505,شركت بهره برداري توليد و انتقال آب جنوب شرق,0.0
1999,10861981779,سرمایه گذاری اقتصاد انرژی دز,0.0
2000,10420267720,مدیریت تولیدو بهره برداری سدو نیروگاه مسجد سلیمان,0.0
2001,10860580403,تولید و بهره برداری سد و نیروگاه شهید عباسپور,0.0
2002,10320858650,مادر تخصصی مدیریت منابع آب ایران,0.0
2003,10861766237,توسعه صنایع غذایی بم,0.0
2004,10320772832,آرمان نیکو سگال,0.0
2005,14006919350,مدیریت سرمایه سورین,0.0
2006,14006673826,توسعه بین المللی اقتصادی و عمرانی اقلیم خراسان جنوبی,0.0
2007,10380522980,جراح نگر طوس,0.0
2008,10103797591,همگامان تجارت,0.0
2009,10320638230,حامی تجارت ایلام نوین,0.0
2010,10320638210,آرمان پدیده خراسان,0.0
2011,10380374336,گروه مدیریت سرمایه تابان,0.0
2012,14007128004,گروه مدیریت و سرمایه ساتیا,0.0
2013,14003666336,مهستان سبز کیش,0.0
2014,14006184148,توسعه کسب و کار هیراد,0.0
2015,14006543562,نیک پردازش زنگان,0.0
2016,14006748308,توسعه کسب و کار هیوا,0.0
2017,14006704670,توسعه کسب و کار پارس سپنتا,0.0
2018,14004875152,پویش بازرگان ذوب آهن اصفهان,0.0
2019,10100947065,شهرکهای کشاورزی,0.0
2020,10100093996,سیلوهای ذخیره سازی و فرآوری غلات زر,0.0
2021,10980098276,صنعتی سمولینای زر,0.0
