Nationalcode,Name,Malekiat_Dolat_Dar_Sherkat
10380244072,??????? ?????? ???????? ?????,0
10460039587,??? ? ???? ????,0
10100621228,?????????????????? ??????????,0
10102405220,????? ????,0
10260200698,??? ? ???? ???????,0
10102500883,?????? ????? ???? ???????,0
10101786601,??????,0
10100747077,???? ????? ? ????? ????,0
10100443908,??????? ?????? ?????(???????,0
10780060750,????????????????,0
10860294339,???????? ?????,0
10100711365,???????,0
10100453064,???????,0
10100982040,????? ?????,0
10260063258,????????? ?????,0
10100974130,?????? ?????? ??????,0
10102836862,?????? ????? ??? ????,0
14004054717,????? ?? ??,0
10102320058,???? ???? ?????,0
10320053498,????? ???? ?????,0
10460114292,???? ?????? ?????,0
10100430706,???????? ??????,0
10102670668,???????? ????,0
10840024608,????????????????????????,0
10260415423,????? ???????,0
10102830088,???? ??? ? ????? ????,0
10320718237,???? ?????,0
10320504669,???? ????? ??????? ????,0
10101875807,?????? ????? ??? ???,0
10101089200,????? ????? ??????? ????,0
10100276443,??????,0
10102576935,???? ??? ???,0
10100314757,???? ????,0
10380252343,??????? ???,0
10100518071,?.?.?,0
10102583274,?????? ???? ??? ??????,0
14003873330,?. ???? ???? ????? ???,0
10102277635,??????? ?????? ????? ??????,0
10860114150,??????? ???????????? ??????,0
10100441828,????????? ????? ??????? ??????,0
10102713090,????? ?. ??????? ???? ?????,0
10102200204,???????? ??? ????,0
10100271449,?????? ????? ?????,0
10320894878,???? ?????,0
10780042000,?????? ??????,0
10101336846,??????????,0
10100307035,??????? ??? ????? ??????,0
10200053946,??????,0
10840008904,?????? ?????,0
10100941473,??? ?????????,0
10380089944,??????? ? ???????? ???????,0
10100314776,???? ?????,0
10100957800,???????????????????,0
10260293195,????,0
10101339590,?????? ????? ???? ????? ???,0.6394
10320255230,???? ?????,0
10100977983,????? ?????? ????,0
10100641966,???? ????,0
10861977157,????? ????? ??? ??????,0
10320237706,???? ??,0
10200054270,????? ????,0
10260334351,?????? ?????? ??????,0
10100902174,??????? ?????,0
10102498053,????? ?????? ?????,0
10320798438,??????? ???? ???? ?????,0
10100427917,?????? ??????,0
10860730192,??? ????? ???? ????,0
10200093112,??????? ? ???? ???? ???????,0
10102828209,???????? ????? ????? ???? ????,0
10100451588,???? ???? ????????,0
10102377650,???? ???? ??????,0
10100231402,??????????,0
10100503545,????? ?????,0
10101654220,??????? ?????? ????? ?????,0
10103270201,???? ????????,0
10100382645,????? ????? ??????,0
10320826196,???? ?????????,0
10103387520,????????? ???? ????? ?????,0
10320357598,???? ????,0
14009058908,???? ????? ?????,0
10102247441,???? ????? ?????? ????? ????,0
10100193589,?????? ??????? ??????? ??? ???,0
10102931830,????? ??? ?????? ????,0
10102822596,???? ??,0
10102526951,???? ???,0
10102558524,??? ?????? ??????? ? ???? ???,0
10100834967,???? ???,0
10100373846,???? ??????? ???????? ?????,0
10100898457,?????? ? ???????? ?? ????????,0
10103808680,???? ????,0
10860723245,???????? ????? ????,0
10103225320,???? ????? ?????? ?????,0
10100393826,?????????????????,0
10102203401,?????????????,0
10102946956,???? ????????,0
10100679553,????? ????? ????,0
10101702747,??? ???? ?????,0
10320275643,???? ?????? ????,0
10101972093,???? ?????,0
10320777461,????? ????? ???? ??? ???,0
10861736062,???? ?????? ?????,0
10103886081,???? ???,0
10102818130,???? ?????,0
10100353486,???? ??? ??????,0
10101795696,??????? ???????? ???? ????,0
10101855694,????????????????????????,0
10100834460,???? ?????,0
10320591652,???? ??,0
10101266176,????? ??? ??? ??????,0
10360031156,????? ??????,0
10103800056,????? ????? ????? ? ????? ????,0.05
10861450700,????? ???? ???,0
10200248803,???? ?????? ????? ???? ???????,0
10100509458,??????,0
10380128505,???? ? ????? ???? ???,0
10260246993,?????? ??? ?????,0
10101887744,????????????????????,0
10200105825,??? ????,0
10340050067,?????????? ????? ???? ????????,0
10102593454,?????? ????? ????? ????? ?????,0
10860736052,?????? ????? ? ????? ???????,0
10860238958,????? ??????? ?????,0
10103824880,? ???????? ? ??? ????? ??????,0
10100514779,??????? ????? ??????,0
14005432871,??????? ??????,0
10840118827,????? ??????,0
10260328063,?????? ????? ???????,0
10240049946,?.????? ? ????? ????? ??????,0
10680033968,?????? ????? ????? ????? ?????,0
10100402567,????????? ?????????,0
10100978129,??????????????????,0
10861412626,?????????,0
10740034217,???????? ????? ????? ????,0
10102683456,?????? ????? ???????,0
10100835286,???????? (???????,0
10102073400,?. ????????? ???? ????????,0
14004707973,???? ????? ???? ??? ????? ???,0
10101725563,????? ??????? ????????,0
10260279270,????????? ???????,0
10100428084,??????,0
14009060582,????? ?????? ??????,0
10380293780,??? ???? ??????,0
10104062862,???? ??????? ?????? ?? ?????,0
10100339921,????????? ?????????????,0
10460003837,??? ? ???? ??? ??? ???,0
10100634702,????????? ????,0
10100482048,??????? ??????,0
10320867235,?????? ????? ???? ????,0
10100456257,???? ??????,0
10100924838,?????? ??????,0
10101007595,????? ?????? ?????,0
10861651780,????????? ?????,0
10101823437,??????????????????,0
10101725582,????? ???? ???,0
10860393596,???????? ????,0
10100444172,??????? ??????,0
10860385410,??????? ?????,0
10102402553,????? ????,0
10530184352,????? ????,0
10100450900,????????? ????,0
10102350203,???????? ????? ????????,0
10100711350,???? ?????? ?????,0
10102901102,???????? ????? ????,0
10102543204,?????? ????? ?????? ?????,0
10102328820,?????????????????,0
10102571964,???? ????,0
10102107768,????? ?????? ????????? ?????,0
10102793480,?????? ????? ??????????,0
10861105887,????? ??? ???????,0
14004932504,??????? ???,0
10101850423,????? ????????? ???????,0
10260496380,??? ? ???? ????? ?????? ?????,0
10861808525,????? ?????? ????? ??????,0
10100248101,?????? ????? ??????? ?????,0
10861533126,???? ?????? ????,0
10320202522,???? ?????? ????????,0
10101156935,???? ?????? ????? ?????? ?????,0
10100999659,????????? ?????,0
10100648962,??? ? ??????? ???,0
10260449435,????? ???? ??????,0
10100465567,???? ? ???? ?????,0
10861853202,??????? ? ???????? ??? ??????,0
10840064590,????? ?????? ?????,0
10260206130,????? ?????????????,0
10102411479,???? ?? ???,0
10100613721,???????? ??????,0
10861613541,????? ????? ?????? ???,0
10380190780,????? ??????????? ????,0
10320605628,?????????? ????,0
10100429427,???? ??????,0
10101050209,???????? ??????,0
10861926358,????? ??????,0
10101138294,????? ???????,0
10102849101,???? ????? ????? ???? ????????,0
10861186485,??????????,0
10780055634,????? ????? ????? ?????,0
10800154024,????? ??????? ????,0
10260289464,????? ?????? ??????,0
10000000001,????? ?????? ????? ????? ????? ???? ????,0
10103749172,??????? ?????,0
10861153704,????????? ??????,0
10100477787,?????? ??????,0
10460091758,???????????????????????,0
10260496984,???? ????? ??????,0
14005024571,???? ????? ??????,0
10340058917,???? ? ?????? ????? ????,0
10100277750,???????????? ??????? ??????,0
10101134744,????? ???? ??? ????,0
10860704330,????? ??????,0
10260314217,??? ? ??? ???? ??????,0
10320217477,????? ???? ???,0
10100984757,???? ?????,0
10101701799,????????,0
10101662543,???????????????????????,0
10861655731,?????????,0
10101306234,?????????????????(???????,0
10260371718,??? ? ??? ????? ????? ??????,0
10320476535,????? ???? ??? ?????,0
10260170431,????? ??????,0
10100297496,??????????,0
10530272844,??? ????????? ???? ????,0
10861402562,?????????? ??? ??????,0
10380136950,?????? ???????? ??????,0
10861092061,??????????,0
10101788597,????? ?????? ? ???? ????,0
10320484367,???? ??????,0
10100434786,???,0
10200219532,??? ???? ????????? ????,0
10860293454,??? ?????? ????? ? ??????,0
10220007941,??? ??????,0
10102906939,??? ? ????? ???? ????????,0
10101892894,??? ????? ?????? ?????? ??????,0
10100515216,????? ?????? ???? (???????,0
10100495902,??? ???????,0
10860445038,??? ???????,0
10861331010,????? ???????,0
10860515050,????? ? ????? ?? ???,0
10102096548,????? ???,0
10102823179,?????? ????? ????? ?????? ????,0
14003562000,???????? ?????,0
10101800682,??????????????????????????????,0
10200092392,???????? ???? ????,0
10220048615,??????????????????????????????,0
10320435268,???? ???????,0
10100439250,??? ????? ???????,0
10102881763,??????? ????? ??????? ????????,0
10101091231,???????????????????????????,0
10260264460,?? ???,0
10101057832,?????? ? ?????? ???????? ???,0
10380025768,?????????? ????? ?????????????,0
10260244573,??????,0
10980296959,??? ? ??? ???????? ??????,0
10860541940,??? ??? ???????,0
10102963232,?????? ????? ????? ???,0
10100418567,??? ????,0
10101198481,??? ? ??? ??? ?????? ???? ????,0
10861529526,???? ????,0
10103824969,??? ?????? ?. ?. ????? ??????,0
10101337205,??? ? ??? ????????( ????? ???,0
10103560453,???? ???????? ???? ?????,0
10320688781,?????? ????? ???? ????? ???,0
10100594509,???????????????????????,0
10102912146,????? ??? ? ??? ???? ???????,0
10104008480,??? ????????,0
10101920830,????? ????,0
14006513174,???? ???? ???,0
10260296086,?????????????,0
10102541065,???? ???????????-??? ??,0
14007396254,???? ????? ??? ?????,0
10100517070,????????????,0
10103798457,???? ??????,0
10101826839,????? ? ???? ????? ?????,0
10100528860,?????? ????? ?????? ?????,0
10102360780,?????? ?????? ? ????? ?????,0
10103838251,?????? ????? ?????? ????,0
10101063793,????? ???????? ?????,0
10102776786,?. ??? ? ?????? ??????,0
10100127830,????? ?????? ????? ?????,0
10260036466,??????? ??????? ?????? ???,0
10100360794,?????? ?????,0
10100326014,????? ????? ????,0
10101750182,?????? ????? ???????,0
10380275706,???? ????? ???,0
10101811903,?????? ????? ??????? ?????,0
10320128841,????? ? ????? ??? ??? ????????,0
10103992454,???? ?????? ????? ????? ??????,0
10100532514,????????????????,0
10101455520,?????????????????,0
10101086742,????? ???????,0
10102424818,???? ???????,0
10320466112,?.?.??.?.???????? ???? ????,0
10100394490,???????????,0
10100270720,????????,0
10102682835,????? ?????? ????? ????????,0
10100288420,???? ?????,0
10102912170,?????? ????? ? ???,0
10103584004,?. ? ????? ?????? ???. ? ?????,0
10860150516,?????? ????? ??????? ????,0
10260176520,????? ???? ??????,0
10100323537,?????????,0
10460093783,????? ????? ??? ????????,0
10260124447,??? ??? ??????,0
10380018483,??? ? ???? ????,0
10100365410,????????,0
10102685633,?????? ????? ????,0
10100967098,????????????????,0
10102732727,??? ??????? ?? - ?? ????,0
10320689841,????? ???? ???????? ????,0
10101360099,????? ?????,0
10100282936,???,0
10103343036,????? ??? ?????? ?????,0
10100928603,????? ?????,0
10420002350,???? ????? ???? ????,0
10102425969,???? ????????,0
10101788618,????? ?????? ??????? ???????,0
10861220664,???? ?? ?? ??,0
10530093613,????? ??? ??????????? ?????,0
10100945346,?????? ?????? ????? ????????,0
10100415452,????????? ???????? ???????,0
10103444238,????????? ???? ????? ??????,0
10101038610,?????????????????????,0
10100253038,????????? ???? ????? ??????,0
10100440067,?????? ???? ?????,0
10101292955,????????????,0
10860260078,??????? ??? ????? ???,0
10100994352,????????? ?????? ???? ????,0
10100496027,????? ???,0
10100353165,??????? ? ???????? ???????,0
10860212438,????? ???????? ?????,0
10420082717,????? ???????,0
10380275609,???????? ????? ????,0
10860272853,???????? ????? ???,0
10101613123,????? ??????? ????????? ?????,0
10861824398,????????,0.0106
10100422509,?????,0
14005084146,???? ??????? ????? ?????,0
10200110654,?????? ????,0
10101511748,????????????,0
10860325845,??? ??????? ???,0
10530004647,?????????????????????????,0
10380192345,?????? ????-???????,0
10101726150,????? ????? ? ????? ??????,0
10101108480,????? ????? ? ????? ????,0
10100931903,?????? ????? ??????? ????,0
10320849582,???? ??????? ???? ?????,0
10100313060,????????? ??????? ????? ???,0
10861572410,????? ????????? ??????? ???,0
10100607716,????? ?????,0
10102006226,????? ?????????,0
10100893127,????? ???? ????,0
10860555136,?. ????? ?????? ????? ?????,0
10320554400,???? ????? ????,0
10860328848,???????? ??????,0
10100314075,?????? ??????,0
10100353754,????? ?????,0
14000029210,???? ??? ???? ??????? ?????,0
10480041969,????? ? ????? ???? ??? ??????,0
10861629011,???????? ?????? ?????? ?????,0
10460051194,?????????,0
10101142728,????????????????????,0
10100681073,???? ?????,0
10100929813,???????? ?????? ?????,0
10102335460,????? ????? ??,0
10861569320,????? ???? ???? ???,0
10102054719,?????? ????? ???? ???? ????,0
10101142407,???? ????,0
14005764521,???? ???? ????,0
10460103128,????? ?????? ????? ??????,0
10460095240,???? ???? ????,0
10100537713,???????,0
10100515104,????? ????? ?????,0
10530042814,???? ????? ???????,0
10100884254,?????????,0
10100365216,???? ??????????,0
10101601243,???? ???? ???? ???,0
10100415336,?????? ?????,0
10102340228,?????? ????????,0
10102736184,?????? ????????,0
10102404600,????????????????,0
10100670346,?????? ?????? ?????,0
10100377816,???????????????????????,0
10102801085,?????? ????? ?????,0
10102706370,???? ?????? ????,0
10100326962,??????? ????,0
10101016677,??????? ????? ????,0
10102133962,?????? ???????,0
10101477350,?????????????? ???? - ???????,0
10100742486,??????????????????,0
10320699470,????? ?????? ????? ???????,0
10100678951,?????? ?????,0
10630119282,????? ????? ???? ??? ?????,0
10101634157,???????????????????,0
10100534535,???????? ????????? ??????,0
10101562211,??????? ? ???????? ????? ???,0
10101431259,???? ???? (????? ???),0
10780016544,?????? ????? ?????,0
10100401610,?. ?????? ?????? ????,0
10103500247,????? ????? ??.????? ?????????,0
10101638604,???? ????? ???? ??? ???????,0
10101060748,??? ???? ??????,0
10100399042,?????????????????????,0
10260317792,????? ????????? ????? ??????,0
10101267070,????????????,0
10100442415,???? ???? ????,0
10103698106,???? ????,0
10320702178,????? ???????? ??? ???????????,0
10100320247,????? ????,0
10460002140,????? ????,0
10101357447,?????? ????? ???,0
10103647290,??????? ?????,0
14006444985,???? ????? ?????????,0
10860958854,?????????????????,0
10860251887,???? ????? ????? ???? ???,0
10260132760,?????????????????,0
10320055865,???? ????? ???? ????,0
10980196817,???? ??? ???,0
10320359435,?????? ????? ????? ???? ???,0
10101541927,???? ????,0
10200062838,???????,0
10200115133,?????????? ????? ????????????,0
14005921810,?????? ???????? ???????? ????,0
10103122715,?????? ????? ???? ?????,0
10100542221,?????????????,0
10100239199,?????????,0
10100470757,?????? ???????,0
10700073536,???????? ? ?????? ????? ???,0
10320345330,??????? ????? ???,0
10103382392,?????? ????? ???? ????,0
10101236571,????????????? ?????,0
10100582059,???? ?????? ??? ???????,0
10200101232,?????????????????????????????,0
10101701430,???????????? ??????????,0
10100577370,???? ??????????,0
10861658827,?????? ????? ??? ????????,0
10380412012,????? ????? ?? ?????,0
10100592890,???????? ???? ??????????,0
10860410234,????? ????? ??? ??????,0
10100434484,???? ??????,0
10000000002,??????? ???? ???? ????? ??????,0
10100484546,??????????? ???????,0
10100686779,????????????? ??????????,0.0408
10101260035,??????????,0
10101488239,???? ??????,0
10320412650,??????? ???? ??????? ????????,0
10102593361,???? ??? ??,0
10260138918,??? ??? ????,0
10000000003,??????? ???? ???? ????? ?????,0
10260276866,???????,0
10260224667,???? ????,0
10101011750,???? ??????,0
10861410472,????? ???? ???? ?????,0
10102373511,??? ???????,0
10320059990,???????? ????,0
10380410842,?????? ????? ??? ???,0
10100977662,?????????????,0
10102194601,????????????????,0
10380225279,??? ???? ????,0
10100302746,???? ?????,0
10102472141,??? ????????,0
10260298230,???????????????????,0
10630146473,????? ?????? ???? ???? ?????,0
10100980510,???????????? ???? ?????,0
10101683349,??????????????????????,0
10102752082,?. ???????? ???? ?????? ?????,0
10101097919,?????? ? ??????? ????? ???,0
10104040308,?????????? ?????? ?? ??? ?????,0
10530196515,??????????????????,0
10100282064,?????,0
10102258090,???? ?????? ?????? ????? ????,0
10630061317,????? ?? ??? ?????,0
10320701236,????? ?????? ????,0
10103210000,?????? ????? ???? ???? ????,0
10103191091,???? ? ????? ?????,0
10660111880,?.???? ????? ????? ????????,0
10861305803,???? ? ????? ??????,0
10860553003,???? ????? ? ????? ????,0
10102123404,????? ??????? ???,0
10102347321,?????? ????? ???? ?????,0.0114
10100364988,???????,0
10101094555,???????? ?????,0
10320061053,???????? ????,0
10100578556,???? ????? ?????,0
10103389006,????? ??? ? ??? ???????,0
10380386750,???? ????? ????????? ????,0
10680070150,????? ???????? ?????,0
10100336986,????? ????,0
10530411361,???????? ?????,0
10720219420,???????????? ???? ?????,0
10101294315,????? ??????? ???,0
10100367182,????? ????????,0
10102933619,????? ???? ??? ? ??? ?????,0
10260279928,????????? ???????,0
10101336320,???????????? ????? ?????????,0
10101826594,???????? ???????,0
10530411380,???????? ???,0
10101984431,???????? ????,0
10102773156,?. ???????? ??????? ???? ????,0
10700129398,??? ????????? ???? ??????,0
14010836281,????? ?????? ???? ????,0
10260122751,??? ????????? ???? ????????,0
10320481010,??? ? ????? ????????? ????,0
10861349161,???????????????,0
10200056267,???? ????? ??????,0
10102588528,?????? ????? ????,0
10530411376,???????? ????,0
10100777300,???????? ??,0
10101807733,???????? ????????,0
10220038741,??????,0
10660049146,????? ???????? ????????,0
10100455748,????????? ?????,0
10260145470,??? ??????? ???? ??????,0
10101336301,????? ???????? ???? ????,0
10100664423,??? ?????,0
10860256731,???????? ??????,0
10100383116,?????????,0
10100484677,????????? ?????? ?????????,0
10103519478,???????? ?????,0
10860727671,???????? ?????,0
10380421244,?????? ????? ???? ???? ???,0
10103074333,?????? ????? ???? ?????,0
10101874688,?????? ??? ????????,0
10101874620,?????? ??? ??????,0
10101874601,?????? ??? ?????,0
10101874806,?????? ??? ?????,0
10100649604,??? ????? ?????,0
10100016424,???? ??????,0
10102723888,???????? ?????,0
10102952412,?? ?????? ???,0
10380143951,??????,0
10101874709,?????? ??? ?????,0
10380382990,????? ??? ?????? ????? ??????,0
10100482000,????? ?????,0
10103132855,????? ???? ???? ??????,0
10530010025,??????????????,0
10100392139,???????????????,0
10103044460,?????? ????? ????? ???? ????,0
10100305257,?????? ????? ????????,0
10100984191,??? ????,0
10420205695,?. ??? ? ??? ? ???????? ?????,0
10101874640,?????? ??? ?????,0
10100358442,????? ????? ????,0
10103105417,?????? ????????? ????????,0
10100250643,???? ????? ?? ???,0
10101912174,???????? ?????,0
10861480172,???? ????? ? ??????? ?????,0
10102636076,???????? ??????,0
10260323109,????? ?????? (????? ???,0
10102745549,?????? ?? ???? ?????,0
10102772290,?????? ????,0
10101564023,??????? ??? ?????? ?? ????,0
10100727160,????????????? ???(???????,0
10102510120,????? ??????? ??,0
14009837187,??? ???? ????????,0
10100690330,??????????????????????,0
10380279028,??????????????,0
10100334245,???? ???? ???????,0
10861532334,???? ??????? ????? ???,0
10100614570,????? ?????? ???,0
10460063089,?????? ?????? ???? ??????,0
10100373295,????????? ???????,0
10103357053,??? ????? ?? ?????,0
10530010540,????? ? ?????? ?????,0
10101821298,?????? ?????? ?????,0
10102564183,??? ??? ????,0
10200101095,?????????? ???????????? ??????,0
10860727560,???????? ?????,0
10101402621,??? ??? ??? ????,0
10102968790,????? ?? ????,0
10102425103,???? ????,0
10100721769,??? ????? ???? ????,0
10101175572,????? ????,0
10240057286,?????? ???? ??????,0
10101924696,?????? ????? ????????,0
10100986880,??????? ?????? ????,0
14004518505,?????? ????? ???? ??????????,0
10101660410,?????? ????? ??????? ?????,0
10320730277,???? ??? ?????? ?????,0
10100322690,?????? ???,0
10101154437,?????? ????? ????? ?????????,0
10860513778,?????? ????? ?? ??????,0
10380425043,????? ????? ??? ????,0
10102341535,??????????????????,0
10100218034,?????? ?????,0
10420111121,?????? ???????,0
10101013009,?????? ??????,0
10380131896,????? ??? ??????,0
10101134554,?????? ??????,0
10102837099,????? ???? ???,0
10100456884,???????????????,0
10100405629,????? ????,0
10740026271,?????? ?????,0
10101012980,?????? ??????? ??????,0
10101336603,????? ????? ???????,0
10260101027,?????????????,0
10101169402,?????? ??????,0
10460054938,?.??????? ???? ??? ????? ?????,0
10380041894,????? ??? ????,0
10100981564,????? ? ????? ??????,0
10260171510,??????????????????,0
10861533067,?????? ????????? ????? ???,0
10101978329,??? ??????,0
10260336470,????? ???????? ???????,0
10740023815,??????? ?????? ????,0
10100235615,???????????????????,0
10101258929,????? ???? ??,0
10861051155,???????????,0
10861494662,???? ?????? ?????,0
10100889278,????? ? ???,0
10100917154,?????? ?????,0
10260333521,?????? ???????????,0
10660015738,??????????,0
10380252873,??? ??????,0
10100409413,??????? ?????,0
10102784472,?????? ????? ???????,0
10530194416,?????? ???????? ?????,0
10820049324,?????????????,0
10380222768,??? ? ???? ????? ??? ??????,0
10100300290,?????????,0
10861207150,??? ??????? ???? ??????,0
10861100557,????? ??????,0
10103858909,?????? ???????? ????,0
10760319653,?. ??? ????? ????? ????,0
10102757695,?????? ???? ?????? ?.?.?????,0
10220012031,?????????????????????,0
10100414510,????? ??????,0
10100985608,??????????????????,0
10800074158,??????????????,0
10100246682,?????? ?????,0.0223
10101178687,?????? ????? ? ??????? ????,0
10100448712,?????,0
10101821319,??????????,0
10101942066,?????? ????? ????? ?????,0
10101620879,??? ????,0
10630161649,????? ???? ????? ??????,0
10102172273,????? ???? ??????,0
10101094745,?????? ???,0
10102699549,?.?.????????? ??????? ??????,0
10630019476,?????? ??????,0.0201
10101054217,??????????,0
10610016139,????? ???????,0
10861393382,????????,0
10780114515,?????? ????? ???? ?????,0
10100665220,???????????????,0
10101143640,????? ????? ?????? ?????? ????,0
10100640089,?????,0
10102780031,?????? ????? ???????? ?????,0
10100273586,?????? ????? ????? ???? ??????,0
10102680599,?????? ????? ???????? ????,0
10101659507,?????????????????,0
10100946575,?????? ????? ?????,0
10100347145,????????,0
10100396337,????????,0
10460036512,???? ????????? ??????,0
10101296740,????????????? ????,0
10720097761,???? ??????,0
10861934614,?????????????????????????,0
10861147912,?????????????????????????,0
10100359308,???? ????,0
10100328356,?????,0
10101861112,??? ?????? ????? ?????,0
10100486265,???? ??????,0
10320903570,???? ????,0
10480015652,????????????,0
10100419821,????????????? ?????,0
10260259140,?????????????,0
10100233725,?????? ????,0
10100970248,?. ???????????????????,0
10530324529,?????? ??????????,0
10200007381,?????? ???????,0
10480063936,????? ??????,0
10100383781,????? ? ??????? ????? ??????,0
10103914576,?????? ????? ????,0
10861081241,?????? ??????,0
10101908370,?????? ????? ??? ?????,0
10700144582,???????? ??????,0
10220016318,?????????????,0
10460051496,??????????,0
10102239945,????? ??????? ?????,0
10101212701,??????? ?????,0
10101754741,????? ?????,0
10260328876,????? ???? ??????,0
10100387143,?????? ????,0
10100580397,?????? ????? ??????????,0
10101044869,?????? ????? ????? ???????,0
14005751499,???????? ?? ???? ? ???? ??????,0
10320839651,???? ?????,0
10100478433,??????????????????,0
10200142417,?????????????????????????????,0
10260357602,????????? ????? ?????,0
10260377008,?????? ???? ??? ????? ???,0
10101907666,???? ?????? ????? ?????,0
10260439863,?????? ????? ????? ????,0
10380266337,???????????????????,0
10100254685,????????? ?????? ????,0
10380466986,???? ????????? ????? ????,0
10103251617,????? ???????? ??? ?????,0
10260289240,?????,0
10101477062,????? ??????? ????? ????,0
10000000004,???????????? ???? ????? ?????,0
10861658680,???????,0
10260294158,??????? ????? ???????,0
10101021508,??????? ????? ?????,0
10320741707,????? ?????? ????,0
10102501905,???????????????????????,0.2674
10320585987,??? ?????? ????? ?. ????? ????,0
10101136712,??????????????,0
10320453421,????? ?????? ???? ???,0
10320826260,???? ????? ????? ? ?????,0
10101725603,???????????????????????,0
14005725237,???? ????? ??,0
10103584900,????? ?????? ????,0
14005652664,?????? ????? ?????? ??? ????,0
10260272518,??????????????????????(???????,0
10260041071,????? ? ????? ??????? ?????,0
10101912330,????? ? ????? ????,0
10100595801,?????????,0
10260450980,???????,0
10101702561,???? ? ????? ????? ?????,0
10103637809,????? ?????? ? ??? ?????? ????,0
10840053064,???? ??? ????? ???,0
10860726096,???????? ????????,0
10260322490,?????? ???? ?????,0
10260492543,???? ??? ????? ??????,0
10200044047,??????????????????,0
10861521552,??????? ?????? ???????? ???,0
10100433825,?????? ???????,0
10103525426,????? ?????? ????,0
10101117032,????? ????? ???? ???,0
10100539090,?????? ?????? ?????(???????,0
10101767219,??????? ?????,0
10100782085,?????? ????? ????? ?????,0
10100993098,???????????????????????????,0
10380019602,??? ???? ??????,0
10460096368,????????????? ????? ?????,0
10260057369,?????? ? ????? ????? ???? ????,0
10220079472,???????? ??????,0
10220022017,????? ???? ??????,0
10103024860,?????? ?????? ????,0
10380270277,????? ????? ??????,0
10260326724,? .????? ? ????? ????? ??????,0
10101324421,?????? ????? ????? ?????,0
10100304130,??????,0
10103972003,??????? ???,0
10102617399,???? ?????? ???? ????,0
14004810068,?.?????? ???? ?????? ? ? ?????,0
10320821816,???? ??? ??????,0
10102681950,?????? ????? ???? ????,0
10860246171,???? ????,0
10102529006,???? ????,0
10861638925,??????? ???,0
10100440525,???????????????????,0
10101016508,????? ????? ?????? ???,0
10102967236,???????? ?????,0
10000000005,????? ? ???? ????? ???????,0
10000000006,?????? ????? ???? ??????,0
10102801066,?????? ????? ????,0
10000000007,?????? ????? ?????,0
10102801961,?????? ????? ????,0
10102773137,?????? ????? ????,0
10000000008,?????? ????? ??????,0
10000000009,?????? ????? ?????,0
10320856814,???????????? ????? ????,0
10102399345,????? ???? ???? ?????,0
10320814852,????? ??? ???? ????,0
10102169938,?????? ????? ?????? ????,0
10000000010,???? ??????? ????,0
10000000011,????? ?????? ????? ?????????,0
10102855345,????? ????? ?????,0
10103754436,????? ???? ????????,0
10104088225,????? ?????? ????????,0
10000000012,????? ?????? ?????,0
10460086306,???? ??? ?????,0
10100047773,????? ?? ???????,0
10101335387,??? ????? ?????,0
10000000014,????? ??????? ?????,0
10000000013,??? ? ??? ????? ? ?????,0
10000000015,?????? ??? ?????,0
10000000016,????? ??? ????? ??? ?????,0
10000000017,?????? ?? ? ????? ????????,0
10000000018,????? ????????,0
10861351572,????? ????? ??? ????,0
10101336772,???? ?????? ??????? ??,0
14008126329,?? ??? ????,0
10103978066,???????? ????? ?????,0
10100627111,?????? ????? ?????,0
10100655069,???????? ????? ?????,0
10480037917,??????? ????? ????,0
10840007960,??? ??? ?????,0
14005155456,??????? ????? ????,0
10680047080,??? ? ???? ????? ??????,0
10320503079,???? ????? ????,0
10100370594,??????,0
10260482101,???????????? ???? ?????? ???,0
10460101525,????? ??????? ???? ?????,0
10260085303,??? ??? ??????,0
10240011565,??? ??? ? ???? ? ???????? ????,0
10184001687,???? ?. ?????? ????????? ?????,0
10861406488,?????? ?????? ?????,0
10102363667,???? ????,0
14006408218,???? ?????? ?????? ????,0
14007070869,???? ????? ????,0
10000000054,????? ?????? ????? ??????? ??????????? ??? ???? ??? ? ??? ?????,0
10260181270,????? ??? ?????,0
10000000019,????? ?????? ????? ??????? ??????????? ????? ?????,0
10102773194,?????? ????? ???? ??????,0
10103492170,????? ????????? ????? ?????,0
10000000063,????? ?????? ????? ??????? ??????????? ???? ?????,0
10103891706,????? ?????? ????? ???? ???? ????????,0
10102987556,???????? ????? ?????,0
10103891690,????? ????? ????? ??????,0
10102911447,?? ???? ????? ???????,0
14008302538,???????? ??? ? ??????,0
10103137408,?????? ????? ???? ???,0
14010024250,????? ????????? ?????,0
14006953961,????? ??? ? ??????,0
14009224728,?????,0
10101885990,????? ?????? ????,0
10861503629,???? ???? ???,0
10861394039,?????? ????? ???????? ???,0
14001907528,???? ????? ?????? ?????? ?????,0
14004046372,???? ???? ???????,0
10103652364,????? ???? ??? ????,0
10780110885,???? ???? ?????,0
10103529793,???? ????? ????,0
10103529800,???? ???? ?????,0
10101195187,???? ??,0
10380430077,?????? ????? ???? ????? ????? ?????? ????,0
10530320996,?????? ????? ????? ????,0
10860903365,?????? ????? ????? ???????,0
10260490269,?????? ????? ????? ??????,0
10102158022,?????? ????? ? ?????? ????? ? ????? ????? ?????,0
14008307703,??? ?????? ??????,0
14006249920,???? ?????? ????? ????,0
14011339503,???? ????? ??????,0
10320866327,????? ?????? ????? ??????? ?????? ????,0
14006852814,?????? ??????? ????,0
14006012357,??????? ??????????? ???? ??,0
14008473366,??????? ??????????? ????? ??????? ????,0
10000000059,????? ?????? ????? ??????? ??????????? ????? ????? ????,0
14003959426,??? ????? ????,0
10320600788,????? ?????? ????? ???? ???????,0
14005496342,????? ?????? ????? ??????? ????? ?????? ??????,0
10000000099,????? ?????? ????? ???? ??? ????,0
14004128084,???? ????? ???,0
10103679112,????? ?????? ??? ????,0
10100589211,???? ?????? ???? ????,0
10320752394,????? ?????? ????? ???? ???? ????????,0
14004183170,???? ???? ????????,0
10100258391,??? ????? ?????,0
10100906047,??? ?????? ?????,0
10100976112,??? ?????? ?????,0
10103372005,???? ????,0
14007120347,??????? ??????????? ??? ???? ???,0
14009518268,??? ????? ????? ???????,0
10630025764,????? ????????? ???? ??? ????? ?? ?????,0
10101915348,????????? ???? ???? ?????,0
10320469990,????? ??? ????? ?????,0
14007123145,????? ???? ?????? ????????,0
10103258569,??? ?????? ?????? ????? ????????,0
10380450359,?????? ????? ????? ??? ???,0
14006336023,????? ?? ?????,0
10320400445,????? ????? ????? ??????,0
14008157950,????? ???? ?????? ????????,0
10861529184,?? ?? ?? ???,0
10000000029,????? ?????? ????? ??????? ??????????? ?????? ????,0
10102803281,?????? ????? ?????? ????,0
10320650723,???????? ????? ???? ????????,0
10380305808,????????? ??????,0
14009263200,?????? ????? ??????? ????? ?????,0
10000000060,????? ?????? ????? ??????? ??????????? ????? ??? ????,0
10320813657,????? ?????? ????? ????? ????? ???,0
10102694700,?????? ????? ???? ????? ????,0
14005108893,??????? ????? ????? ??? ???,0
10000000036,????? ?????? ????? ??????? ??????????? ????? ????? ??????,0
14000074621,???? ???? ???? ???,0
10102801942,???? ???? ???,0
10861530138,?????? ????? ?? ?? ?? ?? ???,0
10103037570,????? ????? ????????? ????? ?? ??? ??????? ? ?? ????? ??????? ??????? ??? ? ????? ???,0
10101997560,??? ????,0
14004107956,????? ???? ????? ?????,0
10380520955,????? ??? ??? ????,0
14006243544,????? ?????? ??????,0
10103761233,???? ???? ???,0
14004407347,??????????? ???? ?????,0
10380647203,??? ????? ?????? ???,0
14007411551,????? ????? ????? ???,0
10320352137,???? ????? ?????? ???,0
10320774211,????? ??? ?????,0
10380647222,?????? ?? ????? ??????,0
10862064732,???? ???,0
10101364297,????? ? ???????? ????,0
10103837742,?????? ????? ???,0
10000000043,????? ?????? ????? ??????? ??????????? ?????? ??????,0
10102898876,?????? ????? ?????? ?????? ????,0
10000000024,????? ?????? ????? ??????? ??????????? ???? ?????,0
14008247684,?????? ??????? ? ???????? ??????,0
14007707492,??? ???? ?? ????? ????,0
10320692265,???? ???? ????,0
10320673140,?????? ????? ????? ????? ???? ???? ?????????,0
10320692094,?????? ????? ???? ??????,0
14004068870,????? ?????? ?????? ???? ??????,0
14008556974,?????? ???????? ? ??????? ???? ??????? ??????,0
10103460290,?????? ????? ?????? ????? ????,0
10101442691,???????? ???? ???? ?????,0
10320307426,?????? ????? ????? ???? ????,0
14005253222,????? ?????? ?????,0
10200450670,???? ????? ?????? ????? ?????????,0
14008076836,????? ????? ???,0
10100937493,?????? ??? ? ????? ????? ????,0
10100505148,????? ???????? ?????,0
10101814661,???? ???? ???,0
10320884761,??? ??????? ????? ????????,0
10102173008,???? ?????? ???? ??,0
10102593722,????? ?????? ????? ????,0
10104060856,??? ??? ????? ????,0
10000000034,????? ?????? ????? ??????? ??????????? ????? ???? ????,0
10000000033,????? ?????? ????? ??????? ??????????? ????? ???,0
10320895923,?????? ?????? ???,0
14005828941,????? ???? ????? ????,0
14006793310,??????? ??????????? ????????? ????,0
14005786478,?????? ?????? ???? ????? ????,0
14005965618,?????? ?????? ???? ????,0
14005925472,????? ?????? ??????,0
14007027064,??? ????? ???? ????,0
14007137903,????? ??? ? ??? ?????,0
14006082952,??? ????? ???? ????,0
10320780362,????? ????? ???,0
10320858723,???? ????? ????,0
10320661767,???? ?????? ????,0
10320169213,?????? ? ????? ???????? ???? ?????,0
10000000055,????? ?????? ????? ??????? ??????????? ????????? ???????,0
14005933591,???? ???? ? ??????? ?????,0
10980226256,????? ????? ??? ???,0
10320503955,????? ?????? ????? ??? ???????? ???? ???????,0
10000000026,????? ?????? ????? ??????? ??????????? ????? ?????,0
10420196707,??? ? ?????? ???? ???????,0
10860411138,?????? ???????? ???? ???,0
10101759580,????? ???????? ????? ????,0
10320832748,???? ???? ???,0
10760094603,????? ??????? ? ???????? ????? ????,0
10100171920,????? ???????? ?????? ??????,0
10000000040,????? ?????? ????? ??????? ??????????? ???? ??????,0
10100625070,????? ????? ???? ??????? ????????? ? ?????,0
14003674869,???????? ???? ???,0
14009108895,????? ?????? ????? ????? ??? ???? ???,0
10000000030,????? ?????? ????? ??????? ??????????? ?????????,0
14008036097,?????? ????? ????? ?????? ??? ?????? ?? ????? ???????,0
10100053930,????? ?????? ??? ?????,0
14004684611,?? ????? ???? ??????,0
10100351811,???? ???? ? ??????? ??,0
10320539175,????? ???? ???????? ?? ????????,0
10100567400,??????? ????,0
14009263160,?????? ????? ??????? ????? ?????,0
10000000073,????? ?????? ????? ??????? ??????????? ????? ???,0
10103858742,????? ???? ?????,0
10102279261,???? ???? ???,0
10102803034,?????? ????? ????,0
14003699653,????? ????????? ??????? ??? ? ????,0
14004081532,???? ??????? ???,0
10103297319,?????? ????? ???? ???? ????????,0
10380179815,????,0
14003902009,????? ?????? ????? ????? ???? ?????????,0
10200258715,?????? ????? ????? ????????? ????,0
10760345687,?????? ????? ????? ????????,0
10630135824,?????? ????? ????? ?????,0
10220124165,?????? ????? ????? ????????? ????,0
10860405350,?????? ????? ????? ?????? ? ????????,0
10720243977,?????? ????? ????? ?????,0
10700141201,?????? ????? ????? ??????,0
10320528091,???? ????? ??,0
10320354635,?????? ????? ?????? ??????,0
10101380313,?????? ????? ????????,0
10103349751,???? ?????? ????? ????? ???? ????,0
10104052682,????? ?????? ????? ????,0
14004356528,????? ??? ? ????? ???? ?????,0
10260434191,????? ????? ??????,0
10260334425,?????? ???? ??????,0
10102399005,???? ??????,0
10103663870,???? ????? ??????? ?????,0
10103871690,???? ????? ??????? ?????,0
10320823442,????? ?????? ????? ????? ???????,0
14006847020,?? ????? ???? ????,0
14003772673,????? ?????? ????? ????? ???? ?????????,0
10104055685,???? ????? ????? ????? ????? ????,0
14006123572,????? ????????? ? ???? ??? ???,0
10000000038,????? ?????? ????? ??????? ??????????? ???? ????,0
10102986880,?????? ????? ???? ?????,0
10000000028,????? ?????? ????? ??????? ??????????? ????? ?????,0
10000000050,????? ?????? ????? ??????? ??????????? ??????,0
10100845276,?????? ???? ??????? ???? ???? ?????? ?????? ?????,0
10101727833,????? ????????? ??????,0
10840070153,?????? ?????? ???????? ???? ???,0
10840086913,???????? ???? ????,0
10000000046,????? ?????? ????? ??????? ??????????? ???? ???,0
10102685249,?????? ????? ????,0
14003725635,????? ?????? ????? ????? ?????? ????,0
14003767221,????? ?????? ????? ????? ??????? ?????,0
10102727560,?? ??????? ????,0
10102803015,?????? ????? ?????? ????,0
10102802996,?????? ????? ????? ????? ???,0
10102803205,?????? ????? ???? ????,0
10101997272,???????? ??? ????,0
10000000041,????? ?????? ????? ??????? ??????????? ???? ????? ?????,0
10000000075,???? ????? ?????-????? ?????????,0
10000000092,????? ????????? ??????? ???? ????? ?????? ?????? ?????,0
10102960400,????? ?????? ???? ????,0
10103705170,??? ????? ??????,0
10320839039,???? ????? ????,0
10320836357,????? ????? ??? ????????,0
10320876676,?????? ????? ??????,0
10320635617,????? ? ????? ?????????? ?????,0
10320635904,??? ????? ????? ????????,0
14004210872,??? ??????? ???? ???,0
14004156637,???? ?????? ??? ??? ????,0
14008079936,?????? ?????? ?????? ????????,0
10320634937,????? ? ????? ?????????? ?????,0
10100385648,????? ?????? ???? ????,0
10320635047,?????? ????? ?????? ?????,0
10630107136,???????? ?????,0
10380474989,??? ??? ????? ???,0
14004975980,????? ??? ???????? ???? ?????????,0
10102417191,??? ????,0
14009224859,???? ????,0
10101730772,???????? ?? ????,0
10102558446,???????? ????? ????,0
10101476080,???????? ???? ???????,0
10760335630,???????? ???? ?????,0
10102702966,???????? ??? ????,0
10102634872,???????? ????? ???????,0
10102002047,???????? ????? ???,0
10860222183,???????? ???? ??????,0
10102775538,???????? ????,0
14007297814,???? ????? ????? ?????? ????,0
10101559627,???????? ??? ?????,0
10102040894,???????? ??? ??? ?????,0
10102676190,????? ???? ????,0
10102631183,???????? ????? ??????? ????? ????,0
10101553125,???????? ?????? ????,0
10104011299,??????? ???? ?????????? ??????? ????,0
10103653560,?????? ????? ????? ?????,0
10000000093,????? ???? ???????? ????,0
10000000094,????? ???? ???????? ????,0
10000000095,????? ???? ???????? ???,0
10101954690,????? ???? ?? ???? ?????,0
10320330972,?????? ????? ????? ???? ????????,0
10320683865,????? ????? ????? ????,0
10320145605,????? ????? ????? ????? ???? ? ???????? ??????? ????,0
10260135725,????? ?????? ????? ?????? ????? ??????? ? ?????? ???? ??????,0
10104000426,?????? ?? ??? ?????,0
10380667692,???????? ??? ???? ???? ?????,0
10102927198,???? ???? ???????,0
10860712482,????? ???????? ?????,0
14004460426,?????? ?????,0
10000000051,????? ?????? ????? ??????? ??????????? ???????,0
10101128860,????? ??? ????? ?????,0
10320824078,????? ????? ???,0
10100687843,???? ???? ???? ????,0
10320782725,???? ??????? ???? ??,0
10320658317,????? ?????? ????? ???? ??????? ??,0
14007562887,?????? ????? ???????? ???? ????,0
14007982406,?????? ????? ?????? ????? ?????,0
14008783355,?????? ????? ????? ????? ????? ????,0
10320637769,??? ???? ???? ????,0
10103679146,?????? ????? ???? ???? ??????,0
10200255770,???? ???? ?????,0
14000187509,???? ?????? ?????? ?????,0
14005659219,??????? ??????????? ???,0
10320727017,???? ???? ??????,0
10861063512,????? ???,0
10101407567,?????? ????? ????,0
14003867572,????? ?? ? ??? ?????????,0
10102196812,???? ????? ???? ????,0
14004600493,????? ???? ?????? ????,0
10861555809,?????? ????? ????? ???? ???,0
10320898341,????? ???? ???? ????????,0
10101671551,???????? ???? ???? ?????,0
10861642000,???????? ? ???? ????? ?????? ????,0
10100830068,???? ????? ?????,0
10000000052,????? ?????? ????? ??????? ??????????? ????????? ???? ??????,0
10861495338,????? ????,0
14000286830,?????? ????? ????,0
10102695661,?????? ????? ????,0
10320628668,??? ??????? ?????,0
10102818563,?? ????? ???,0
10320628649,???? ???? ??? ?????,0
10102772894,????? ?????? ????,0
10320897851,???? ? ???? ?????? ?????,0
10320554769,???? ??? ???,0
10320682315,???????? ????? ???? ????????,0
10102584300,???????? ???? ????? ?????,0
10320281775,????? ?????? ????? ?????,0
10101800644,??? ????? ?????,0
10101088782,?????? ???? ?????,0
10101800663,????? ????? ? ????? ????? ????? ?????,0
14004153731,??????? ???? ???? ?????????,0
10320385492,????? ???? ???????,0
10103705185,???? ???? ????????,0
10103705166,???? ???? ????????,0
10103223273,????? ???? ?????? ?????? ????????,0
10103015113,???????? ?????,0
14003923256,????? ? ?????? ?????? ???,0
14004547166,????? ???? ??????,0
14004847429,????? ???? ??????,0
10320635070,????? ???? ????????,0
10000000053,????? ?????? ????? ??????? ??????????? ?????? ???? ????????,0
14004355907,????????? ????? ?????? ????,0
10320868300,????? ????? ?????,0
10103160268,????? ???? ?????,0
10103907350,????? ???? ???? ???? ????????,0
10103724899,????? ?????,0
10320890173,?????? ?????? ????,0
10102613264,????? ? ????? ?????? ????,0
10101664866,??? ??? ?????,0
10861532539,?????? ????? ????? ???,0
10000000057,????? ?????? ????? ??????? ??????????? ??? ???? ?????,0
10320895904,??? ????? ????? ?????,0
14009694778,???? ???? ???? ????,0
10320393136,?????? ??????? ????,0
10102703061,????? ?????? ????? ?????,0
10100395131,????? ????? ?????????? ??????? ?????,0
10000000077,?????? ?????? ????????????,0
14009661505,?????? ?????? ???,0
10320437601,????? ???? ???? ?????,0
14006936454,???? ??????? ????? ?????? ????,0
10861329483,????? ??? ? ????? ???,0
10000000074,????? ?????? ????? ??????? ??????????? ???? ????? ??????,0
14004492440,??????? ??????????? ?????? ???? ??????,0
10100380468,????? ?????? ????,0
14003187260,??????? ?????,0
14002764962,??????? ????,0
14000277232,??????? ??????,0
14000303350,??????? ?????,0
14002879398,??????? ??,0
14000287942,??????? ???,0
14002091671,??????? ?????,0
14000302967,??????? ?????,0
10103652419,????? ????? ????? ??????? ??????? ?????,0
10102887184,???? ???? ???,0
14001912820,?????? ????????? ??????? ?????,0
10103305536,????? ???? ????????,0
10102437970,???? ????,0
10320859441,???? ????? ???? ? ??????? ?????,0
10861915825,???? ????? ????,0
10000000101,????? ?????? ????? ?? ????? ???? ???? ?????,0
10000000109,??????? ??? ??? ??????? ??? ?????,0
10100915663,????? ?????,0
10100659398,??? ???????,0
10103669614,???? ????? ????? ?????,0
10100182809,????? ?????? ?????,0
10101152264,???????? ? ????? ????? ?????,0
14005125296,??????? ??????????? ????? ???????? ??????,0
10102933486,????? ????? ????,0
10102454621,?????? ????? ????????,0
10102177040,????????????? ???? ???,0
10100812474,?????? ???? ??????? ???? ???,0
10320380692,?????? ?????? ???? ??????,0
10800021304,???? ???? ?????? ????? ???? ????,0
14008885577,????? ???? ????? ???? ???? ?????,0
10360036020,???? ????? ??????,0
14008508268,?????? ????? ???????,0
14000259050,?????? ???? ? ????? ??????,0
10101425199,???????? ???? ???,0
10100599026,?????? ?????,0
10000000081,?????? ????????????? ????,0
10000000071,FIN Zf Friedrichshafen Ag,0
10103995286,???? ?????? ???? ??? ????,0
10103652024,?? ???,0
14005456251,????? ??? ????,0
10530177287,?????? ?????? ???????? ????? ????,0
10380239598,??? ? ???? ??? ????? ??? ???,0
14010383178,??? ????? ????,0
10260673742,???? ???? ?? ????,0
14008632146,??????? ??????????? ?????,0
10101961313,???? ????? ???? ?????,0
10000000088,?????? ?????? ????? ?????????,0
14008883254,??? ? ???? ??? ?????????,0
10100867072,??????,0
10101416634,???? ??? ?????? ???? ????? ????,0
10100826512,???????? ???????,0
10101330914,???????? ??????,0
10100318902,???????? ?????,0
10380129694,?????? ??????? ????,0
10103998542,???????? ?????? ???? ?????,0
10380380610,???????? ???? ?????? ???,0
10320401850,?????? ????? ????? ??? ???,0
10102193385,?????? ????????,0
10102331740,????? ???? ???? ????????,0
14002755462,??????? ??????,0
10102318561,????? ???? ????,0
14003163370,????? ??????? ????? ????? ???? ?????,0
14008268646,????? ????? ????,0
14006632276,????? ?????? ????,0
14003698249,???? ??????? ???,0
10000000065,FIN Donhauser Gmbh,0
14004076794,??? ????? ???? ????????? ????? ???? ?????,0
14004076849,????? ????? ??? ????? ???? ?????,0
10103930149,???? ???? ?????,0
10320269389,????? ???? ???????,0
10000000064,FIN Day Internatinoal FZE,0
14009066759,?????? ????? ???? ????? ????? ? ?????,0
10103501252,???? ????? ????? ?????? ????????,0
10000000105,????? ?????? ????? ???? ??????,0
10102886958,?????? ????? ????? ??????,0
10102950430,?????? ????? ??????? ???? ????,0
10103273466,?????? ????? ????? ????????,0
10320303684,?????? ????? ???? ????,0
10000000035,????? ?????? ????? ??????? ??????????? ????? ?????,0
10100185873,????? ?????? ?????? ???? ??????,0
10860949905,???? ?????,0
14007843343,???? ????? ??? ?????,0
14004076815,????? ???? ????? ????? ???? ?????,0
10000000048,????? ?????? ????? ??????? ??????????? ?????,0
10103057702,????? ????? ????? ???? ????,0
10101986809,?????? ???? ???? ??????,0
14003755472,???? ???? ??? ???,0
14005620538,??????? ??????????? ???? ????????,0
10320498804,????? ?????? ????? ????? ?????? ????,0
10320548447,?????? ????? ????? ?????? ????,0
10100359861,???? ???? ????,0
10102466554,???????????,0
10260496279,???? ????? ?????? ????? ??????,0
10840430467,?????? ??? ???????? ?????,0
10860183871,?????? ?????? ???????? ??? ???????? ???,0
14004061533,???? ???? ?????? ???????,0
10320220705,?????? ????? ???? ??? ??? ????,0
14005202423,????? ???????? ? ??????? ?????,0
10780054589,??? ? ???? ???? ???? ????,0
10530173323,??????? ??? ??? ????,0
10862052793,??? ? ???? ????? ??????,0
10980088894,????? ??????? ????? ?????? ????,0
14000259917,????? ???? ???????,0
10101390322,????? ??? ? ??? ???,0
10861536970,????? ???? ????? - ????,0
10103810941,???? ???? ??????? ????????,0
10103188357,?????? ???? ?????,0
14004969790,???? ???? ??????,0
14004864503,????? ??? ?????????,0
10320343737,???? ???? ????,0
10320852333,???? ????? ?????? ????????,0
10102822636,?????? ????????,0
10320856789,????? ????? ? ????? ????? ????,0
14004563273,????? ?????? ???? ??? ????,0
14004199224,??????? ????? ? ????? ?????????,0
14010812390,??? ??????? ?????? ??????,0
10320477156,???? ??? ????????,0
10700029110,???? ????? ??? ?????,0
10102585130,?????? ????? ????? ????? ?????,0
10000000020,????? ?????? ????? ??????? ??????????? ????? ????? ??? ????,0
10861519331,???????? ????? ????????? ?????,0
10320847790,????? ??? ????? ???,0
14006592146,???? ???? ???? ???,0
10320518842,????? ?????? ????? ????? ?????,0
10260505007,???? ????? ??? ????,0
10740049600,??????? ???? ????,0
10103330398,????? ??????? ??? ??,0
10100323770,?????? ? ??????? ?? ???,0
14007214060,????? ?? ????? ???? ????? ?????,0
14010328798,????? ?????? ?????? ????? ??????,0
10102058370,????? ?????? ?????,0
14009747890,???? ???? ??? ????,0
10630006709,?????? ????? ?????????? ?,0
10102234877,?????? ????? ???????? ?????? ?????? ?????,0
10320691815,??? ?????? ????? ????? ??????,0
10103804083,???? ????? ??????? ????????,0
10102844772,?????? ????? ????? ???,0
10320170526,????? ????? ??????,0
10320611838,???? ??? ????,0
10101017663,?????? ? ?????? ???? ???? ?????,0
10460108686,??????? ????? ????? ?????,0
10101491919,?????? ?????? ???? ?????,0
10102313396,?????????? ???? ??? ?????,0
10320681523,????? ?????? ????? ????? ??????,0
10000000067,FIN StichingDepositaryAmtelonForsatFund,0
10100348754,???????? ????? ????,0
10460064120,?????? ????? ?????? ??????,0
10102671483,?????? ????? ???????,0
10102924142,????? ???? ??????,0
14004751723,???? ???? ???? ???,0
14008885995,?????? ?????? ????? ??????,0
10101487029,????? ??? ??,0
14005705470,????? ????? ????? ??,0
14002039462,?????? ????? ?????,0
14006430670,????? ???? ????? ??,0
14006945954,????? ????? ????????? ??????? ????,0
10000000096,????? ???? ??? ? ????? ??????? ????,0
14003755584,???? ???? ????? ???,0
10320660538,?????? ????? ??? ? ????? ????,0
10103808813,?????? ????? ?????,0
10420252832,????????? ????,0
10100511080,????? ????????,0
10102819053,???????? ???? ???? ????,0
14005206275,???????? ??? ?????? ???? ???? ????,0
14003788105,???? ??????? ????,0
10100617330,????? ???? ????? ????,0
10102770018,????? ????? ??? ???????,0
10101357432,?????? ????? ??????? ????,0
10100477865,????? ????? ????? ????? ??????? ?????? ?????? ?????,0
10102553397,???? ???,0
10100480728,????? ????? ????? ????? ??????? ????,0
10100554480,????? ????? ????? ?????? ????? ???? ????? ????? ????,0
10102531514,????? ????? ??? ?????????,0
10000000027,????? ?????? ????? ??????? ??????????? ???? ????? ?.?.?,0
10000000031,????? ?????? ????? ??????? ??????????? ????????????,0
10100669447,?????? ????? ????? ?????,0
10101952529,??????? ????? ????? ????? ????,0
14009881870,????? ???? ??? ???? ????,0
10320612805,????? ???? ??? ????,0
14009723577,???? ????? ???????,0
10000000039,????? ?????? ????? ??????? ??????????? ???? ??????,0
10861839285,?????? ????? ? ????? ?? ???,0
10102547630,???? ????? ?????,0
10103919129,????? ?? ??? ???,0
10103919100,???? ??? ?????? ????? ?????????,0
10103739427,???? ?????? ????? ?????,0
10000000042,????? ?????? ????? ??????? ??????????? ??????? ????,0
10320669521,?????? ????? ????,0
10000000106,????? ?????? ????? ????? ????? ???????,0
10700036205,????? ??? ? ???? ???,0
10100830959,????,0
14006812835,???? ???? ?????,0
14005783363,??????? ??????????? ???? ??????? ????????,0
10320500213,???? ??? ??? ??? ?????? ?????,0
10980204255,???? ??????? ???,0
10320878492,????? ????? ???,0
10320853237,??????? ??? ??? ???,0
10320651534,????? ???? ??? ???????,0
14006526509,????? ?????? ??????,0
10320745924,?????? ???? ????? ????,0
10320496952,??? ????? ????? ??????,0
14004428030,????? ??? ???,0
14007025136,???? ??? ? ???,0
10320491295,???? ????? ?????? ?????,0
10103408077,?????? ?????? ????? ?????,0
10320500209,???? ????? ????? ?????,0
10103863626,???????? ???????,0
10590000267,????? ????? ? ????????? ???? ??? ??? ?????????,0
10101624872,????? ????,0
10103212610,?????? ????? ???? ?????,0
14004656487,????? ????? ?????,0
14003739253,??? ????? ????? ??????,0
14004418488,???? ????? ????? ? ????? ???,0
10320640125,?????? ????? ????? ???? ???????,0
10320852937,????? ?????? ????? ????? ???? ?????,0
10320677144,????? ?????? ????? ????? ???????? ????????,0
10320506000,????? ?????? ????? ????? ????????,0
14006551151,???? ???? ????? ???,0
10320382996,???????? ????? ??? ? ??? ??????? ? ??????? ????? ???? ?? ??? ???,0
14005091226,???? ???? ????? ?????,0
10103259555,???? ??? ??????,0
14007513433,?? ????? ????? ?????,0
10380376230,?????? ????? ??? ??? ????,0
10103879489,?????? ?????? ???????,0
14004411097,???? ????? ????,0
14003404218,??????? ??? ? ???? ?????,0
10102767651,??? ????? ? ?????,0
10101242534,???????? ????????,0
10101336369,????? ?????? ? ????? ????? ? ???? ??????? ????? ????????,0
14000261665,?????? ????? ???????,0
10980171131,??? ?????? ????? ???? ? ??????? ???? ???,0
10320773020,???? ?????? ???? ????,0
10320548578,????? ???? ????,0
14007992696,??????? ??? ?????????,0
10100710062,??? ???? ??? ?????? ???,0
10102275819,???? ? ?????? ????? ????? ?????,0
10102023845,?????? ?????? ???? ????? ????????,0
10000000049,????? ?????? ????? ??????? ??????????? ???? ????????,0
14003705256,???? ??? ????????,0
14009899718,?????? ????? ?????? ???? ????,0
14010077465,????? ??? ???? ???? ????,0
14006850320,?????? ????? ????? ?????? ????????,0
10000000100,????? ?????? ????? ???? ????? ?????,0
10104025434,???????? ????? ????? ???????,0
10103616471,????? ? ????? ????? ?????? ??????,0
10102303353,?????? ? ???? ????????,0
10102602594,?????? ? ???? ????????,0
10320830765,?????? ????????? ???????? ????????,0
10102462599,????? ???? ????????,0
14000180006,???? ????? ????? ?????? ???? ?????,0
10320719850,?????? ????? ???? ????? ?????,0
10320814789,????? ?????? ????? ?????? ??????,0
10000000069,FIN Turquoise Partners Limited,0
14005291651,????? ????? ???? ????????,0
10101328119,?????? ????? ????? ??? ? ?? ???,0
10000000044,????? ?????? ????? ??????? ??????????? ???? ????????,0
10260012955,????? ??? ? ???? ????????,0
10260089685,????? ? ????? ???????? ??????,0
10320526636,????? ?????? ????,0
10861558500,???? ??? ????????,0
10861673173,?????? ????? ??????? ????? ?????,0
10320671100,?????? ????? ? ????? ??????? ???,0
10103799078,?????? ???,0
10104045467,????? ??????? ?????,0
10100830184,???? ???????,0
10100738113,?????? ??????? ????? ?????? ??? ??????? ? ??????? ?????,0
10460055409,?????? ????? ???? ? ???? ?????? ????????,0
10460122071,???? ????? ? ????? ???? ?????????,0
14007659701,????? ????? ????,0
10103932043,???????? ?????,0
10320793623,???? ????? ?????,0
10103479975,??? ???? ?????,0
10320141538,?????? ????? ?????,0
10320402578,????? ??? ?????? ?? ???? ????????,0
10320408934,????? ????? ????????? ?????,0
10103931095,???? ????? ??????,0
10320745962,???? ???? ?????,0
10320832431,????? ????? ???? ? ????,0
14004294152,????? ???? ??????,0
14006374997,????? ???? ??????,0
10861525594,??? ??????????,0
10103150020,??? ????? ???????,0
14004756202,????? ?????? ????? ?????? ????? ???????,0
10320198960,?????? ????? ?????? ????? ?????? ???? ???????? ????????,0
14008409034,????? ?????? ?????,0
10103399243,????? ??????? ???????,0
14009661110,????? ????? ??? ??? ???,0
10101699066,?????? ?????,0
10000000045,????? ?????? ????? ??????? ??????????? ????? ?????,0
10103032293,???? ???,0
10100733459,????? ?????? ????? ??????,0
14005902183,?????? ??? ? ??? ????,0
10101203288,?????? ? ????? ???? ???,0
10101236358,????? ???? ???? ????,0
10103259194,??????? ?????? ???,0
14008362744,???? ?????? ?????,0
10100205339,????? ? ???,0
14008942971,???? ???? ? ????? ??????? ????,0
10840075635,?????? ??????? ????? ????????,0
14010449800,???? ??? ?????? ???? ????,0
10840446034,?????? ????? ?????? ???? ???,0
14009505898,???????? ???? ???? ?????? ???? ??????? ????,0
10320637049,???? ?????? ????? ?????,0
10103195710,?????? ?????? ????? ??? ?????,0
14005807616,?? ????? ????? ???? ????,0
10380073205,?????? ????? ???? ????,0
10480055192,???????? ?????,0
10102126747,?????? ????? ??? ????,0
10380015822,??????? ???? ????,0
10000000025,????? ?????? ????? ??????? ??????????? ?????,0
10101282815,???? ??????? ??????,0
10103353157,?????? ????? ????????,0
14005693186,????? ???? ??? ???,0
10102825789,????? ????? ??????,0
10100412177,????? ? ????? ????? ???? ???? ???? ????,0
10102573310,???? ??????,0
10320056112,???? ??????? ???????? ??,0
14009016395,???? ?????? ??? ?????? ?????,0
14005946717,??? ?????? ???? ????? ????? ???? ??????,0
10320204222,????? ???? ????,0
10320200350,???? ???? ????,0
10320231910,?????? ????? ??? ?????? ????? ????? ????,0
10320215061,????? ???? ????,0
10103691644,??? ?????? ???? ?????? ???????,0
10103694307,??? ?????? ???? ????? ???? ??? ????????,0
10320232317,?????? ????? ??? ?????? ????? ????? ????,0
10103522880,????? ???? ?????,0
10102264112,?????? ???? ?????? ????,0
10102791698,????? ? ?????? ????? ???????,0
10103597356,????? ????? ????????,0
10103208093,??????? ????,0
10000000068,FIN SANIL ELECTRIC CO.LTD,0
10100786585,?????,0
10320498462,?????? ????? ?????? ????????,0
14009203314,???? ???? ????? ?????? ????,0
14007079565,???? ????? ?????,0
10000000021,????? ?????? ????? ??????? ??????????? ???????? ????? ?????,0
10000000103,????? ?????? ????? ??? ?????? ?????,0
10103001212,???? ???? ??? ?????,0
10101331160,????? ??????? ????????,0
10101109629,?????? ????????? ????????,0
10260456019,?????? ????? ???? ?????,0
10000000091,??????? ?????,0
10320642091,???? ???? ????????,0
10101441180,???????? ???? ?????,0
10101443196,???????? ???? ???,0
10101477535,???????? ???? ???? ???????,0
10102744835,???????? ????,0
10101637899,???????? ????? ????,0
10101402790,???????? ???? ????,0
10780103032,???????? ???? ????????,0
10101756777,???????? ????? ?????? ????,0
10102730837,???????? ???? ??????????,0
10861464012,???????? ????????? ????,0
10102894756,???????? ?????? ????? ??? ?????,0
10200019029,?????? ???? ??????? ??? ???? ? ????? ???? ????? ??????? ???? ??? ???? ? ???? ? ???,0
10101012504,?????? ????? ????? ???? ???? ???,0
10100416998,????? ???????,0
10861593478,???? ???,0
10103196730,??? ???? ????????,0
14006345046,????? ??? ????,0
10103817568,????? ??????? ?????,0
10000000058,????? ?????? ????? ??????? ??????????? ????? ????? ? ????? ?????,0
10100624195,?????? ???? ???????,0
10102509615,????? ???? ? ?????? ???? ???????,0
10103405488,?????? ???? ????,0
10103089123,?????? ????? ???? ????,0
10102867151,?????? ????? ????????? ???? ????????,0
10000000061,????? ?????? ????? ??????? ??????????? ????,0
10102080134,??????? ????? ? ?????? ???? ??,0
14005636557,?????? ????? ?????? ???? ???? ????????,0
10101551974,????? ?????,0
10630022080,????? ????? ???? ?????,0
10102407465,?????????? ??,0
10320822169,????? ?????? ????? ???? ????? ????,0
10103511827,???? ?????? ????? ??????? ?????,0
14009624928,????? ?????? ???,0
10102610506,?????? ????? ????? ???? ??????????? ?????,0
10100167010,????? ????? ? ????????? ????? ???,0
10260303984,????? ???? ???? ?????,0
10100583123,????? ????? ??? ? ??? ???? ????,0
10103454437,?????? ????? ??? ??????? ????,0
14005281735,????? ?????? ????? ?? ????? ???? ???? ???,0
10101365114,????? ????? ????? ????,0
14003309503,?????? ????? ??????? ??????? ????,0
10104075382,???? ?????? ????????,0
10103258404,????? ???? ????,0
10320516608,????? ????? ???? ???? ?????,0
10103645888,???? ?????,0
14008285598,????? ?????? ?????,0
10460103584,?????? ? ???????? ????? ??? ????,0
10460069766,???????? ????? ???? ???,0
10460086290,????????? ???????,0
10100709826,???? ????? ???????? ????? ?????,0
14008137440,???? ???? ???? ?????,0
10861500586,????? ??? ? ????? ??? ???,0
10101592082,?????,0
14004651370,???? ?????? ???? ???? ????? ?????,0
14008040915,?????? ????? ????? ????? ??????,0
14003703180,???? ????? ???,0
14009065460,??????? ?????? ????,0
14006791590,????? ?????? ????? ?????? ???????? ???? ??? ?????,0
14005561695,?????? ?????? ???? ????? ????,0
14005639619,??????? ???? ????? ????,0
10460018724,????? ??? ? ?????? ?????,0
10460107710,??? ?????? ??????? ???? ????? ?????,0
10000000085,????? ? ????? ??? ????????,0
10100706880,?????? ??? ???? ??? ?????,0
10320851649,????? ?????? ????? ????? ????,0
14007062530,??????? ??????????? ???? ???? ? ????,0
10102676319,?????? ????? ????? ????? ??? ??????,0
10260479652,???????? ???? ????,0
10000000083,???? ?????? ??????? ???? ?????,0
10101336071,?????? ????? ?????? ????? ?????,0
10101914537,??? ??????? ????? ?????,0
14009174929,????? ????? ???? ???? ????????,0
10240089809,???????? ???? ????????,0
10104079688,????? ??? ????? ????? ???? ???????,0
10104079348,????? ??? ????? ????? ???? ???????,0
10104064976,????? ????? ??? ?????? ????? ???? ???????,0
10100601710,????? ???? ? ????? ???? ??????? ???? ???,0
10101233336,??? ? ??? ???,0
10320432533,?????? ??? ??? ????????,0
10101426793,?????? ????? ???? ?????,0
14004175980,????? ???? ? ????,0
10000000022,????? ?????? ????? ??????? ??????????? ???? ????,0
10101393169,??????,0
10103273470,?????? ????? ????? ????????,0
10103679165,?????? ????? ?????? ???? ????,0
10103679184,?????? ????? ???????? ????????? ????,0
10103243137,????? ?????????,0
10103415050,?????? ?????? ????????,0
14004210868,?????? ????? ???? ????,0
10102351578,??????????? ???,0
10320856800,??????? ???? ????? ????,0
10320836036,????? ????? ????? ????????,0
14004426841,?? ????? ????? ????,0
10320835964,????? ??? ????? ?????????,0
10860718950,????? ????? ??? ????? ??????,0
10260280831,???????? ??? ????? ??????,0
10100820988,????? ?????? ? ????? ????? ????? ?????,0
10102683475,?????? ????? ????? ??????,0
14010338091,????? ????? ??? ????????,0
10320399467,?????? ????? ????? ????? ???,0
14008639940,???? ????? ????? ???? ?????,0
14006314358,???? ??????? ?????,0
10320169986,???? ?????? ????????,0
10102255313,?????? ? ?????? ???? ????? ????,0
10102278837,?????? ????? ????? ???? ????,0
10102228160,????? ???? ?????? ????,0
10102227797,????? ????? ?????,0
10102229288,???? ????? ?????,0
10102229503,????? ??? ????,0
10104078410,????? ?????? ????,0
14004751679,???? ???? ????? ???,0
10861678539,?????? ???,0
14007679369,????? ????? ????? ????,0
10102839981,???????? ??? ? ?????? ????,0
10102486971,???? ????,0
10260444635,????? ???? ????? ?????,0
10860115128,????????,0
10103919380,???? ???? ????,0
14011061967,????? ??? ? ??? ????,0
14009155370,?????? ????? ??????,0
14009485470,???? ????? ???????,0
10102898857,?????? ????? ?????? ???? ????,0
10101165910,????? ?????? ??? ???,0
10100905654,??? ???? ???,0
10100509097,??????? ? ????? ?????,0
10101150400,???????? ???? ???,0
10103303665,??? ? ?????? ????? ???,0
10100711614,???????? ? ??????? ?????,0
10000000079,???? ??????? ????,0
10980192642,?????? ????? ?????? ???? ???,0
10980194380,???????? ??????? ?????? ???,0
10103875392,??? ??? ????? ????? ????,0
10102240975,???? ????? ?????,0
10102225611,????? ?? ????? ????,0
10320723505,????? ?????? ????? ???? ????? ????,0
14007219634,????? ?????? ????? ???? ???? ??????? ??,0
10980230751,????? ????? ? ?????? ??? ????? ????? ?????? ????,0
14005130053,????? ????? ?? ?????? ????? ???? ??????,0
14008582556,?????? ????? ???? ?????,0
10320863149,?? ???? ???? ????,0
10000000086,?????? ????? ???? ???? ????? ?? ????????,0
14008467969,???? ???? ??? ?????,0
10102835234,?????? ????? ???? ??????? ??,0
10000000037,????? ?????? ????? ??????? ??????????? ?????? ?????,0
10780071970,????????? ?????? ????,0
14007605986,?????? ?????? ?????,0
14007606005,?????? ?????? ?????,0
10103884094,??? ????? ????????,0
14004760805,???????? ????? ??????,0
10102819429,?????? ?? ????,0
14003721057,???? ?????? ????,0
10103804104,???? ???????? ????? ????,0
10320665380,????? ?????? ????? ????? ????? ????????,0
10320708990,????? ?????? ????,0
14005317072,?? ????? ?????? ?? ????? ???? ???? ?????,0
10320593747,????? ?????? ????? ????? ????????,0
10861528715,??? ???,0
14004515992,????? ????? ????? ???? ?????????,0
10380150330,????? ????? ???? ???? ?????? ????,0
10100179682,??????? ???????? ?????,0
10000000097,????? ?????? ????? ???? ????? ????????,0
10380148980,???? ???? ????? ??????,0
14008019432,???? ????? ????,0
10102557105,????? ??? ???,0
14006249569,?????? ???? ????,0
10420358245,???? ????? ?????? ????? ???????,0
10260641236,???? ????? ????????,0
10380390272,?????? ????? ???????? ??? ???,0
10380358710,?????? ????? ????? ???? ????? ??????,0
10380237237,???? ????? ????? ??????,0
10320902297,????? ??? ????? ?????,0
14007853407,????? ?????? ?????,0
10101662558,?????? ????? ??????? ???? ????? ????? ?????,0
10860308036,?????? ???? ???????? ????? ?????,0
10103382563,????? ????? ?????,0
10320841718,?????? ????? ????? ??? ????????,0
10320791830,????? ?????? ????? ????? ???? ????,0
14004374280,????? ???? ?????? ???? ?????????,0
10630177497,????? ?????? ? ?????? ?????? ??? ?????,0
10630171508,?????? ????? ???? ????? ?????,0
14007860090,???????? ????? ?????? ???????,0
14009836148,????? ????? ??? ???,0
10000000078,?????? ???? ?????? ??????? ???? ????? ?????,0
14008973412,?????? ???? ?????? ??????? ????? ????,0
14005432069,???? ?????? ?????,0
10320169080,?????? ????,0
10101219313,?????? ????? ????,0
14000188246,????? ?? ????? ? ???? ????? ????? ????,0
10100747423,??? ???? ??????? ???? ?????,0
14004005812,?????? ????? ?????? ????,0
10000000107,????? ?????? ????? ?????? ???? ????????,0
10320673174,?????? ???? ???,0
10320182138,?????? ???? ????? ??????? ????? ????? ??,0
10100253116,????,0
10780056070,?????? ????? ????,0
10320483104,?????? ??? ???? ?????,0
10320315851,???? ????? ??,0
10101788787,????? ?????? ?????? ???????,0
14003520243,?????? ????? ?????? ???? ??????,0
10320878264,???? ???? ??????,0
10103120430,????? ????? ?????? ??? ????????,0
10103627783,?????? ???????? ????? ????????,0
10320887629,????? ?????? ????,0
14008860763,???? ???? ???????? ????,0
14003625415,???? ???? ????? ???,0
14009763157,???? ??????? ?????,0
10100399154,???????? ??????,0
10380444873,???? ?????? ????? ??????? ????????? ????? ????? ????,0
10103924207,??? ???? ????,0
10530430583,???????? ????? ????,0
14009062696,?????? ????? ? ??? ????,0
10260610928,????? ???? ??? ????,0
14006294704,????? ????? ???? ?????,0
10320860716,???? ????? ?????,0
10860723760,???????? ????????,0
14004358650,????? ?????? ????? ???,0
10500065016,?????? ????? ?????? ????????,0
10320823592,????? ????? ????? ???,0
14003100633,????? ??? ????,0
14004471080,??????? ????? ??? ? ?? ???? ?????,0
10200001830,??? ??? ?????,0
10100381440,???,0
10100606470,????? ?????,0
10460070154,??????? ?? ??? ?????,0
10320582950,???? ???? ????????,0
10101990622,????? ???? ?? ????,0
10320492982,???? ???? ????,0
10101336340,?????? ????? ????? ????????,0
10101615714,?????? ??? ?????? ???????,0
10102989222,?????? ????? ???????? ?????? ????,0
10100385838,????? ??? ????????,0
10320709666,???? ???? ??,0
14006400789,???? ???? ??? ???,0
14007603931,???? ???? ??? ?????,0
10103204938,????? ??? ?????,0
14007561565,????? ????? ???? ?????? ?????? ???? ????,0
10840060581,????? ???,0
10100362515,????????? ?????? ????,0
10103194757,???? ????? ??????,0
14009386500,????? ?????? ????? ??????? ???,0
10260422940,????? ?????? ???,0
10780042295,???? ?????? ????? ? ??????? ??? ???,0
14004003162,???? ?? ????? ?????? ??????? ????,0
10101766923,?????? ????? ??? ???????,0
10102482959,?????? ??? ??????????,0
10861505669,??????? ?????? ???? ???,0
10380500105,????? ???????? ???? ????? ??????,0
10101895810,?????? ????? ???? ?????,0
10103592328,??? ??? ????,0
14010659525,????? ???? ?????,0
14010419752,????? ??? ? ????? ????? ???????,0
14008923969,???? ???? ????? ???? ????,0
10320729135,????? ????? ? ????? ?????,0
10103042946,????? ????? ?????????,0
10630114805,???? ????? ???? ????? ?????,0
10102383383,??? ?????? ????? ?????,0
10320594427,???? ????? ?????? ????? ??? ?????? ????,0
10861007162,??????? ????? ???? ???? ?????,0
10102897991,??? ???,0
14007748016,????? ??????? ?? ???? ??? ???? ????,0
10100372524,????? ????? ????? ? ???????? ????? ???? ???? ???? ?????,0
14008534249,?????? ???? ? ??? ???? ???? ???,0
10320812700,????? ????? ???? ?????,0
10820067317,?????? ????? ????? ?????,0
10800109269,?????? ????? ????? ???????,0
10610088420,?????? ????? ????? ???????,0
10103807145,?????? ??????? ? ???????? ???????? ?????,0
10320852329,?????? ?? ????? ????,0
10861394189,????? ???,0
10861504332,???????? ???,0
10861394307,??? ??????? ??? ????? ???,0
10861394252,????? ???,0
10102443928,???? ????? ???? ??????,0
14007161399,???? ??????? ???,0
10980026707,????? ??? ?????,0
10861423349,???? ???? ?????,0
10862034080,???? ????? ????? ???????,0
14000118166,?????? ?????? ?????????? ????? ?????,0
10101505407,????? ???????? ???? ?????,0
10000000056,????? ?????? ????? ??????? ??????????? ????? ????? ??????,0
10380315290,?????? ???? ???,0
10102923992,???? ???? ?????,0
14000167358,??????? ?????,0
10103862678,?????? ??? ???? ? ????,0
10320323630,???? ???? ?????,0
14002706057,??????? ??????,0
10320131299,?????? ?????? ?????? ?????? ??? ??????? ????,0
10103138768,??? ??????,0
10200048868,????? ???????? ???? ?????,0
10102276328,???????? ???? ????,0
10102699874,?????? ????? ???? ?????,0
10380278300,???? ???? ??????,0
10100189989,??? ? ?????,0
10861666950,?????? ????? ???? ???? ?????,0
10102345660,???? ? ??????? ?????,0
10101775376,???? ???? ????? ???????,0
14005104429,????? ????? ????? ???????,0
10100357802,????? ????? ???????? ????? ???????,0
14002207985,???? ????? ?????? ?????? ?????,0
10100544392,?????? ? ???? ???? ????,0
10101336280,????? ?????? ?????? ?????? ?????,0
14009351102,???? ???? ?????? ????,0
10380357173,????? ????? ????,0
10101788578,??????? ???,0
10000000087,?????? ????? ???? ??? ???? ???,0
10103804463,????? ?????? ????? ?? ???,0
10103680463,????? ????? ????,0
10103501155,????? ????? ????? ????????,0
10000000098,????? ?????? ????? ???? ???? ??????,0
10320896530,????? ?????? ????? ????? ?????? ????,0
14007243193,????? ?????? ????? ??? ????? ??????,0
10101852098,?????? ????? ?????? ????? ????? ??????,0
10320320224,????? ???? ????? ???? ????,0
10380513725,????? ??? ??????,0
10000000047,????? ?????? ????? ??????? ??????????? ??? ?????,0
14005459902,????? ?????? ??????,0
10000000062,????? ?????? ????? ??????? ??????????? ????? ?????,0
14008765630,???? ???? ????,0
10100350031,????? ?? ????? ??????? ???? ??? ??? ?????? ??????,0
10320553884,???? ????? ?????,0
10320605311,????? ??? ?????,0
10320410849,???????? ????? ????? ?????,0
10103916618,???? ????? ???? ????,0
10104038693,????? ???? ??????,0
10103688169,??? ??? ???? ????????,0
10103548660,???? ???? ???,0
10103098243,?????? ????? ????? ???????,0
14004762660,????? ??? ?? ??? ????????,0
14005366129,????? ?????? ????? ????? ????? ???,0
10100941186,???????? ??????,0
10860094545,?????? ????? ???? ??????,0
10630000133,????? ????? ?????? ? ?????? ??? ??? ???? ?????,0
10100193272,????? ????? ???????? ????,0
10103143373,????? ???? ??? ?????,0
10630108711,?????? ? ???? ?????? ????? ??? ???? ???? ???,0
14005432147,????? ????? ????,0
14006600422,??? ????? ???? ????,0
10320430282,????? ????? ?????,0
10320285935,???????? ??????? ?????? ???? ??????,0
10102550662,?????? ?????,0
10320814677,????? ????? ???? ?????,0
10101172069,?????? ????? ???? ???,0
10102976337,??? ????? ??? ???? ??????,0
10103748245,????? ?????? ?????,0
10101835127,??????? ????? ???? ????,0
10320396348,????? ????????? ????? ????? ????,0
14010295408,?????? ????? ???? ??,0
10320225864,?????? ????? ??????? ??,0
10103045588,?????? ??????,0
10320364323,?????? ???? ????? ????,0
10103177805,?????? ????? ??? ????????,0
10460062945,????? ?? ???? ??? ?????? ?????,0
10000000110,?????? ??? ???? ???? ??????,0
10103804140,?????? ????? ????? ????,0
14006475770,????????? ?????? ?????? ????? ??????,0
14010649894,???? ?????? ????,0
10530199921,?? ?????? ????,0
10102561216,?????? ????? ???? ???? ????????,0
10980180933,???? ?????? ???,0
10530182823,?????? ????? ????? ??????? ???? ????,0
10000000108,????? ?????? ????? ????? ???? ???????,0
10101573158,?????? ????,0
10861487409,??????,0
10861133437,?????? ?????? ????? ???? ???,0
10320168795,????? ???? ? ????? ???? ??????? ??? ????,0
10320264536,???????? ???????? ????? ?????,0
10320208114,????? ????????? ????? ?????,0
14003755380,???? ???? ???????? ???,0
10102385273,????? ???????? ???,0
10320846497,???? ??????? ????? ????? ????? ???????,0
10103444354,??????? ???? ????,0
10861528618,?????? ????? ???,0
10200042463,???????? ????????? ?????,0
10861896826,????? ??? ??????? ????????? ?????,0
10104034520,?????? ? ????? ?????? ???????,0
10102424419,?????? ???????? ???????? ????,0
10100272401,????? ???? ???? ???,0
10102605183,??????? ????? ???????,0
10103236612,?????? ????? ?????,0
10103837776,?????? ????? ???,0
10320689535,?????? ???? ??????? ?????,0
10260318565,????? ??????,0
10100548970,????? ?????? ????? ?????,0
10103208872,?????? ??????? ???,0
10100544831,????? ?????? ???????,0
10220100844,????? ????? ?????,0
10103442236,?????? ????? ????? ???? ?????,0
14007596544,???? ????? ???? ???????,0
14003802361,????? ?????? ????? ??? ????,0
10861527826,????? ??? ???,0
10102802014,?????? ????? ??? ????,0
14004552979,???? ????? ?????? ?????? ???? ? ????,0
10380145666,?????? ??????,0
14009250859,?????????? ?? ????? ????????,0
14000286084,?????? ??????? ????,0
10700150184,???? ??? ?????,0
10700107209,???????? ??? ??? ??? ??????,0
10700115430,?????? ????? ????? ?????? ????? ??????,0
10320581546,?????? ?????? ????? ????? ??? ????,0
14007638769,???? ?????? ?????? ????????,0
10000000066,FIN Gif Spc,0
10101865990,?????? ????? ???????? ????,0
10102774902,?????? ?????? ??????? ?????,0
14005895366,???? ???? ????????,0
14009409901,????? ?????? ? ????? ???? ?????,0
14007928383,?????? ???,0
10103757175,????? ???????? ????,0
10104021538,???? ????? ?????,0
14005319021,???? ????? ?????,0
14003803134,?????? ?????? ???,0
10320384907,?????? ????? ????? ??????? ???? ????? ?????,0
10320639093,???? ????? ???,0
10102135979,????? ?????? ? ???????? ?? ???? ????,0
10103968382,?????? ????? ????????? ???,0
10200402840,?????? ????? ??????? ???????,0
14004500917,????? ????? ?????,0
10200391181,????? ????? ???????? ????? ?????,0
10103971420,????? ??? ???,0
10200425141,??? ??? ????? ?????????,0
10103971469,???? ???? ???,0
14009678962,????? ??? ???? ?????,0
10860395072,????? ??? ???? ???? ?????? ????,0
10200185933,???? ????? ?? ??? ?????,0
10103463709,???? ????? ??? ????? ???? ???,0
10101306992,??????,0
14003127610,???? ?????? ????? ???? ???? ??,0
14003433639,?? ?? ?? ???,0
10861151356,????? ? ????? ????? ??????,0
10100751306,?????? ???? ? ????? ????????? ??? ???? ?????,0
10200054704,????? ?????????,0
10860449124,????? ????? ????????,0
10260151716,?????? ???? ??????? ??? ???,0
10100447804,????? ??? ???? ??? ?????,0
10000000084,?????? ???? ? ????? ??? ???? ???? ????,0
10340080310,????? ????? ????????,0
10101268484,????? ????? ????? ?????,0
10860179853,????? ????? ???? ???,0
10101627398,????? ????,0
10260355332,???????? ???? ???,0
10101302100,????? ????,0
10000000082,???? ?????? ??????? ??????? ???????? ?????,0
10320753931,????? ? ????? ???? ????? ???? ??? ?????????,0
10102522958,???? ???????? ????? ????? ? ????? ?????,0
14007770747,???? ???? ????? ???,0
10103352249,?????? ????? ??? ????????,0
14002463772,???? ????? ?????? ?????,0
10103477823,???? ??????? ??????? ?????,0
10103547729,?????? ????? ???????,0
10320870588,????? ??? ????? ????? ???? ? ???? ??????? ???? ????? ??????,0
10320795207,????? ?????? ????? ??? ???,0
10320202668,????????? ????? ???,0
10103408559,??? ?????? ????? ????,0
10320706055,???? ?????? ????? ? ?????? ???? ????? ???,0
10861932534,????? ????? ????????,0
14004682282,?? ???? ????? ???,0
10101864698,?????? ?????? ?????,0
10101820190,????? ???? ???? ??????,0
14003844513,???? ????? ????????,0
14003818931,???? ????? ????,0
10103034466,?????? ????? ???? ?????? ??????,0
10000000070,FIN Turquoise Group Limited,0
14005496298,???? ????? ???? ??????,0
10000000072,FIN Turquoise Trading Limited,0
10320353810,?????? ?????? ?????? ?? ????,0
10320883965,????????? ?????? ????? ????????,0
14008362670,???? ?????? ????,0
10000000104,????? ?????? ????? ???? ?????,0
14007472112,????? ???? ?????? ?????? ?? ????,0
14008362647,????? ?????? ??????,0
10103534170,???? ????? ????,0
10480118516,???? ????? ?????,0
10200419934,?????????? ?????? ?????????,0
10100484721,???? ????? ?????? ???? ? ???? ????? ?? ? ??? ??????,0
10320136673,???? ????? ????? ???? ??? ????,0
10000000032,????? ?????? ????? ??????? ??????????? ????,0
10102425044,???? ?????,0
10102266999,???? ?????? ?????,0
10320313163,??????? ???? ???????,0
10102263466,???? ???????? ????? ???? ????,0
10102397742,????? ????? ????????,0
14006009019,???? ???? ????,0
10101557780,???? ????,0
10320623737,????? ?????? ????? ????? ???? ????????,0
10102661270,?????? ????? ????? ????,0
10380287702,?????? ???? ????????,0
10103989631,????? ????? ??????,0
10102256692,????? ????? ????? ???,0
14005809700,????? ????? ????? ???,0
10100338462,????? ????? ???? ? ?????? ???????? ?????,0
10101275735,??? ???? ????? ? ??? ?????? ???? ??? ?????,0
10101575295,??????? ???,0
10100337442,????? ???? ? ????? ??????? ????,0
10100056933,????? ????,0
14005129631,??????? ??????????? ???? ????,0
10103462615,????? ????,0
10320823609,?? ???? ????????? ????,0
14009061015,????? ????? ????,0
10000000023,????? ?????? ????? ??????? ??????????? ???? ????,0
10260510013,???? ???? ????????,0
10000000090,????? ???,0
10000000089,???? ??? ???,0
10320403978,???? ???? ?????,0
10102484440,?????? ????????????? ???? ????? ????? ?????,0
10320884037,???? ???????? ????? ? ????? ????? ?????,0
10000000080,???????? ????? ? ????? ????? ??,0
10320894601,???????? ????? ? ????? ????? ?????,0
10320891081,???? ???????? ????? ? ????? ????? ?????,0
10320400450,????? ???? ???????? ????? ?????????,0
10103112960,??? ????? ???????? ???,0
10102681999,?????? ????? ?????? ????????,0
10861529034,????????? ??? ???,0
10320745749,??????? ???????? ????,0
14003131788,???? ???? ???,0
10000000076,????? ????? ???? ????? ?????? ?????,0
10101201647,????? ?????,0
10101237758,?????? ??????? ???? ???? ???? ??,0
10862068926,?????? ????? ??? ???,0
10100426424,??? ??? ?????,0
10102916359,???? ?????? ????? ????,0
10100504584,????? ?????? ? ????? ????? ??? ?????,0
10860808290,??? ????? ? ??????? ??????? ??? ??? ??? ???????,0
10860740505,???? ???? ?????? ????? ? ?????? ?? ???? ???,0
10861981779,?????? ????? ?????? ????? ??,0
10420267720,?????? ?????? ???? ?????? ??? ??????? ???? ??????,0
10860580403,????? ? ???? ?????? ?? ? ??????? ???? ???????,0
10320858650,???? ????? ?????? ????? ?? ?????,0
10861766237,????? ????? ????? ??,0
10320772832,????? ???? ????,0
14006919350,?????? ?????? ?????,0
14006673826,????? ??? ?????? ??????? ? ?????? ????? ?????? ?????,0
10380522980,???? ??? ???,0
10103797591,??????? ?????,0
10320638230,???? ????? ????? ????,0
10320638210,????? ????? ??????,0
10380374336,???? ?????? ?????? ?????,0
14007128004,???? ?????? ? ?????? ?????,0
14003666336,?????? ??? ???,0
14006184148,????? ??? ? ??? ?????,0
14006543562,??? ?????? ?????,0
14006748308,????? ??? ? ??? ????,0
14006704670,????? ??? ? ??? ???? ?????,0
14004875152,???? ??????? ??? ??? ??????,0
10100947065,??????? ???????,0
10100093996,??????? ????? ???? ? ?????? ???? ??,0
10980098276,????? ???????? ??,0
